Timestamp,Open,High,Low,Close,Volume
2020-01-01 00:00:00,56.61783291654964,60.112777061558944,50.53661820569387,53.46258494487109,740
2020-01-01 01:00:00,50.9221777286513,52.177472191301284,45.778790722772634,50.12024835283615,716
2020-01-01 02:00:00,57.81166291833163,62.23320594271533,55.424756991560415,56.711346823368935,834
2020-01-01 03:00:00,35.036308041265734,37.46772799883633,31.322930066538348,35.46557599354988,719
2020-01-01 04:00:00,53.65739983884642,56.33557299326676,51.76053947251076,52.2064343301379,576
2020-01-01 05:00:00,43.30737767417389,48.09094242181034,39.54713124475825,43.34424385733927,539
2020-01-01 06:00:00,47.297050796378585,48.83869858936506,42.497649366602076,46.65664057628114,307
2020-01-01 07:00:00,51.496974861123114,57.26968465405813,48.06487974453155,53.52610337870517,633
2020-01-01 08:00:00,48.10710426157876,48.91099533050534,47.73261203098032,48.487297686167004,662
2020-01-01 09:00:00,48.87002793895099,51.823759898611726,46.34670074591119,47.906592380562564,705
2020-01-01 10:00:00,47.85646596346531,52.633605463721686,45.476273298070055,50.12595504997123,283
2020-01-01 11:00:00,56.06499189235987,58.660382001590875,54.6188865388085,54.81646303046994,304
2020-01-01 12:00:00,52.0856876655813,58.23743057047349,51.806870574229634,55.8055577491191,162
2020-01-01 13:00:00,55.59778167072815,59.549090415040034,52.74063848917586,53.50806313852456,319
2020-01-01 14:00:00,53.13810816633593,53.95639928268154,52.481628759883584,52.553640114216456,569
2020-01-01 15:00:00,59.50123895931513,63.067640107516866,57.17135561930981,60.847494497522064,934
2020-01-01 16:00:00,53.54760678510545,56.513201482563744,45.55797181997105,50.08421761101609,209
2020-01-01 17:00:00,52.76928068602277,52.959891166953,49.67705662981079,52.56828395180519,815
2020-01-01 18:00:00,48.45995877851339,53.43586311970877,45.07037688288322,48.641936636207,961
2020-01-01 19:00:00,54.56244745991847,60.84365735906296,54.207636634031154,58.74544083180349,821
2020-01-01 20:00:00,55.865411534316294,60.61057302770289,55.729731976247464,56.453367869131576,381
2020-01-01 21:00:00,37.087370516594305,40.90323836094347,35.04964097492303,40.75867440196211,628
2020-01-01 22:00:00,49.70048947363053,54.645332820748926,47.35626393688525,49.1465965652939,820
2020-01-01 23:00:00,47.87365683022378,52.733262002481275,43.37799866845313,50.60342389788066,122
2020-01-02 00:00:00,50.77376865158098,55.11970212485622,45.54906371900648,50.28950700318967,608
2020-01-02 01:00:00,44.98573734431231,45.95601657155519,42.97124048295308,44.54641965984044,808
2020-01-02 02:00:00,58.55804818527557,60.021377330207564,56.84839130185611,58.789722715338144,950
2020-01-02 03:00:00,57.3522070193044,62.34084519878392,52.75312932737851,56.32073351313577,704
2020-01-02 04:00:00,53.352414363172485,56.7113000574362,49.86711646906428,53.79366664551845,412
2020-01-02 05:00:00,64.02901963906561,66.07789854032389,58.60526660270857,59.64871119626142,957
2020-01-02 06:00:00,52.00947503745378,54.32521680729893,50.99707408609389,51.83303438638094,633
2020-01-02 07:00:00,48.2206191611907,54.16187956173091,46.11868971180493,49.42513571438967,445
2020-01-02 08:00:00,56.84933455243215,61.58739039028053,53.264110033099115,58.22923769939777,642
2020-01-02 09:00:00,59.81851971738723,62.992056320247684,55.49339263679472,61.87874819500069,887
2020-01-02 10:00:00,52.234712293297775,55.27374609781137,50.01585686151683,52.46490043581997,751
2020-01-02 11:00:00,54.937835317826064,61.213405438266456,54.60637250385538,56.36378648293113,838
2020-01-02 12:00:00,56.22423040214886,60.794191604956985,55.77392735566473,58.23416251390727,601
2020-01-02 13:00:00,58.694355771243025,60.247811901295634,53.71969542381147,58.3891463281617,479
2020-01-02 14:00:00,52.638288867432884,54.745088793784326,49.81848643165961,51.06547970532572,121
2020-01-02 15:00:00,47.230403581405064,50.71970328827715,42.55371697410567,48.881787042913246,688
2020-01-02 16:00:00,57.89990495451351,62.83358814643976,54.252889173981,55.370378044829316,272
2020-01-02 17:00:00,59.84219850755649,64.27906909549196,53.34080762294299,55.229841397941655,142
2020-01-02 18:00:00,53.27602676703414,56.42777125515905,47.525037408289656,50.69582466736698,759
2020-01-02 19:00:00,49.11670220090641,49.798261267430064,45.0722214404961,48.696945205042546,394
2020-01-02 20:00:00,50.16174899346754,54.10003027348834,48.06687254342823,51.760704404809516,145
2020-01-02 21:00:00,44.41632041527653,48.044581561909204,39.81746738895226,45.51061426282211,631
2020-01-02 22:00:00,56.199193411335266,58.8848584251851,54.060738802435324,55.24123882470876,975
2020-01-02 23:00:00,57.62343785145299,62.608983641674364,52.38857092172157,57.02341944375309,802
2020-01-03 00:00:00,58.293371080710266,61.15792182659191,55.11423956326385,57.81292498353612,635
2020-01-03 01:00:00,54.00668849988992,56.658507033525034,48.86154960241768,51.80835571652782,224
2020-01-03 02:00:00,60.25934566928428,60.8365222816489,54.0232268521171,58.82345989933381,215
2020-01-03 03:00:00,62.36670143661887,66.03192367581433,60.85657662698435,64.0421424722228,100
2020-01-03 04:00:00,67.44324816428113,68.09348701376972,61.430907592142496,62.82803249190603,676
2020-01-03 05:00:00,55.72328618716761,59.71975027386237,55.19735844357688,55.452961292775846,868
2020-01-03 06:00:00,57.74601971649567,59.51552795630373,53.619086752139395,58.33758201714426,562
2020-01-03 07:00:00,42.586092781442716,46.52559703112267,40.584228466893364,42.2332079951999,448
2020-01-03 08:00:00,48.948736184700074,52.460456472356746,48.04802248894764,50.237647570769155,732
2020-01-03 09:00:00,55.48813604107862,57.72026999341256,49.12195032655711,52.025233300426606,903
2020-01-03 10:00:00,50.678755070907314,52.615190848490336,46.68855248724428,51.38476648687534,487
2020-01-03 11:00:00,56.70953798514519,57.67575470931207,50.87213875128748,54.3835013604308,277
2020-01-03 12:00:00,59.71720724784851,64.67108144863157,55.63359511067792,59.48002097182468,712
2020-01-03 13:00:00,51.63172542952165,55.2884681891271,48.43236520206777,53.09356235551801,376
2020-01-03 14:00:00,51.346337308447076,52.56614396575271,50.85655673711969,51.71566681722747,255
2020-01-03 15:00:00,66.32381308011557,68.44261891816558,61.435376916410384,63.68413244103401,546
2020-01-03 16:00:00,57.0348251644683,59.49915822505766,55.46712085228215,57.26673943827508,116
2020-01-03 17:00:00,62.89821039918777,65.65877888176107,60.20374231877927,60.85950555006314,346
2020-01-03 18:00:00,59.00247814914353,63.6363773531806,56.471045214233285,59.02898852712536,550
2020-01-03 19:00:00,60.87402310712302,65.1682968183064,58.580837845053765,59.99191098268917,521
2020-01-03 20:00:00,55.8751755562542,58.51072533837427,48.36040586986163,53.339786501027966,467
2020-01-03 21:00:00,52.735086009927706,54.81431440889364,49.42604102268079,49.643340301753724,551
2020-01-03 22:00:00,66.90447180233795,71.10620550170023,61.00980601606909,63.539711560209014,168
2020-01-03 23:00:00,61.52052221395689,66.22089183116124,60.79164781634401,62.358970658393794,872
2020-01-04 00:00:00,57.80800522260656,61.157673835464266,55.7836666326205,58.83760501972666,995
2020-01-04 01:00:00,63.09719169976994,65.04452857255308,58.684110660468605,60.703757340256466,286
2020-01-04 02:00:00,64.63812251689772,68.83667204930886,56.83130859291472,61.68137559999765,173
2020-01-04 03:00:00,53.47010794494255,57.36468610593428,53.06269446428029,53.702975066048296,836
2020-01-04 04:00:00,46.692939631614614,49.263548381346325,45.05088413280987,49.19620437327273,729
2020-01-04 05:00:00,59.02666430031093,61.804891634073726,53.068150051930296,54.09116789139403,783
2020-01-04 06:00:00,52.39171250900916,54.92367455082231,48.288365775464804,54.90425532858813,891
2020-01-04 07:00:00,65.39912631207605,69.06566435827712,60.76656244200028,62.67649756732308,171
2020-01-04 08:00:00,59.90613718508157,62.17352524154264,52.544363378998455,56.627305572886414,318
2020-01-04 09:00:00,52.192126472496426,52.74279820409776,51.17264692477471,52.58339586164271,362
2020-01-04 10:00:00,59.71886305248032,61.34596862221086,59.42466668237974,60.98869229551671,187
2020-01-04 11:00:00,48.32300432422148,48.78493583381138,44.99712813492226,48.1271489829538,436
2020-01-04 12:00:00,56.347541460096615,59.24476751689139,51.5349162823343,57.141794773305804,394
2020-01-04 13:00:00,59.29654193746843,60.190524103925405,57.54717572572401,59.70062304341834,494
2020-01-04 14:00:00,58.76334320705193,59.3132799988269,55.629178728548354,55.70766974573601,155
2020-01-04 15:00:00,71.78836454967902,76.67990172528384,68.85365767777458,70.72606309320712,198
2020-01-04 16:00:00,50.28990154523847,56.12281840553317,45.473425903619486,52.1313635109733,858
2020-01-04 17:00:00,67.69917323405662,72.17558897816744,64.88021456670012,67.91067591082005,711
2020-01-04 18:00:00,56.35295113133905,59.499641304441,54.24750099997323,55.145950873407315,454
2020-01-04 19:00:00,57.670995403521765,62.68647432760881,55.61315084818511,59.02763358084602,395
2020-01-04 20:00:00,64.10284166558452,64.51332971810368,59.88231518701954,63.335873090657344,795
2020-01-04 21:00:00,58.77969585168146,59.51439798611559,51.380198721667455,56.13646383260574,587
2020-01-04 22:00:00,57.241323231499564,60.70467410658017,55.88704855578441,57.76794159075069,620
2020-01-04 23:00:00,57.969769518066855,64.0179505416598,54.44489148029349,61.69748102093338,940
2020-01-05 00:00:00,64.2973074499896,68.26038162793276,62.56290835602263,65.37218919710142,474
2020-01-05 01:00:00,64.29215324959615,66.73150986393784,58.289321705984406,62.73344674642012,542
2020-01-05 02:00:00,61.60997365939623,63.43977024915014,56.22083703253847,59.68205838314273,450
2020-01-05 03:00:00,61.70316371333923,66.94450056365946,61.14542820709752,64.41679904753092,849
2020-01-05 04:00:00,53.000982709145035,58.011425816979035,51.27114329440661,55.19193253193831,159
2020-01-05 05:00:00,53.644442418406214,59.711446883725785,51.31493697527914,56.218624190684615,318
2020-01-05 06:00:00,59.525147359356,60.895155649679786,57.067198881754535,60.79772415131583,773
2020-01-05 07:00:00,63.12995555667963,64.90709396215752,58.33485454850628,62.089383177592424,832
2020-01-05 08:00:00,57.69166533139496,62.03147452904172,53.12385949399871,58.23967268823649,414
2020-01-05 09:00:00,56.91273423142836,62.328899231658156,53.12040195423519,57.6671602319408,747
2020-01-05 10:00:00,50.80132047070364,53.97650591419417,45.52614559642547,49.68052572496484,535
2020-01-05 11:00:00,55.005108731272905,57.2712429654222,50.37411001037329,56.45655553448285,808
2020-01-05 12:00:00,71.68275426905512,72.83307703877348,69.89374145353766,70.26424571607151,815
2020-01-05 13:00:00,58.72226044057989,62.52177320111474,56.01821322522097,57.405093631234706,916
2020-01-05 14:00:00,63.781214461313624,65.07197837241488,59.788803083558264,62.67787947481018,770
2020-01-05 15:00:00,63.22866278736303,67.56705334044383,62.22645164211979,65.85957413998494,174
2020-01-05 16:00:00,62.15063999635645,69.75977943108865,61.220580220913746,65.025345964074,317
2020-01-05 17:00:00,65.64412200559588,69.95288677515012,62.30456143620633,65.02063221773595,729
2020-01-05 18:00:00,60.681699920136445,65.52850463955765,56.83298956316348,62.609475259302435,665
2020-01-05 19:00:00,67.92203438309,73.07861216123825,64.91580220174565,71.25068917523782,135
2020-01-05 20:00:00,59.310906310053355,63.20549066345058,57.19083723571371,61.93597763898179,791
2020-01-05 21:00:00,61.28450175066769,65.73901071831634,59.9605780917391,62.367584281287186,295
2020-01-05 22:00:00,70.28985665130988,74.44211659521693,69.74210577276365,73.4099476515513,519
2020-01-05 23:00:00,71.38711410346421,75.64289603355883,65.73389090179765,67.31048028969974,771
2020-01-06 00:00:00,57.22415558807415,60.50878303912041,55.13551951981101,60.18850582570807,516
2020-01-06 01:00:00,60.13438890068682,61.51631693305084,60.01715801425477,60.21497435237252,618
2020-01-06 02:00:00,72.53086493066101,73.49397557321473,68.82405052256539,69.55220593557789,490
2020-01-06 03:00:00,60.35534012939528,62.60454466475021,56.04241573071421,60.407775567455516,971
2020-01-06 04:00:00,62.961106996094905,68.74329880210675,59.96007276636784,65.5810955070192,736
2020-01-06 05:00:00,62.98152700648061,69.78781128163517,60.08256736049697,64.85423458706416,431
2020-01-06 06:00:00,58.314739671988065,60.67918191955203,51.812591147428805,56.713834529670976,606
2020-01-06 07:00:00,71.73060422215546,75.96772374078895,69.79843865578975,71.00944600028093,747
2020-01-06 08:00:00,58.35433617783626,61.28050539877069,57.06806876546296,59.73223517520692,813
2020-01-06 09:00:00,58.79883098611173,62.13152788508528,53.633531814611416,55.66698669668044,857
2020-01-06 10:00:00,58.033137651341605,60.25268275237742,53.53824850954155,56.579955637656724,347
2020-01-06 11:00:00,59.12859166228603,59.91025924270197,55.312768698695926,59.516510688036135,779
2020-01-06 12:00:00,67.64802540734114,69.3223834587515,63.09371371316485,65.82724636373068,964
2020-01-06 13:00:00,63.03664087332635,64.53404957878092,58.95411176214711,61.307367241085714,825
2020-01-06 14:00:00,67.62787345718779,70.69476850688879,63.630853578138876,66.4305748709594,208
2020-01-06 15:00:00,65.41665938388954,68.5628697444555,63.039814121467,65.0434919338071,855
2020-01-06 16:00:00,61.011623973425195,63.1852361229898,57.1642004138008,61.77402449258538,147
2020-01-06 17:00:00,66.67360372149557,68.23257206555903,61.76904760876211,67.42319832905451,595
2020-01-06 18:00:00,60.386803521959735,65.39294429081487,56.48735915919259,62.39551631136893,678
2020-01-06 19:00:00,69.3058302562387,74.32651113481846,64.97809282432706,69.5494988340043,761
2020-01-06 20:00:00,68.69048250809284,69.73121184959808,66.29618259909748,66.88422053559451,738
2020-01-06 21:00:00,64.41363750343541,67.66144260287072,60.18884472562566,61.79361073161562,767
2020-01-06 22:00:00,57.91673835300099,62.38599952373165,57.17825730948441,61.590906669055755,922
2020-01-06 23:00:00,60.50973747379365,61.064976471429134,58.69905048990972,60.1331601072469,545
2020-01-07 00:00:00,65.87251829943928,68.37792211341528,61.88903115483213,66.89914539228192,702
2020-01-07 01:00:00,73.47751416104637,74.93923376178265,66.99599501556867,71.61445498334562,102
2020-01-07 02:00:00,58.69413358694602,65.41731916311277,55.82245425653867,60.88316021951755,484
2020-01-07 03:00:00,56.84203616238854,60.985466799151986,52.8697873832866,57.40483052499032,142
2020-01-07 04:00:00,68.83865399344593,68.86581954530494,61.60317643436584,66.39664219523833,576
2020-01-07 05:00:00,59.18679457890295,60.791659426661944,55.024212480558134,60.33311241250364,530
2020-01-07 06:00:00,62.721090738513396,68.73564802815783,57.98984098026177,64.05522101318101,307
2020-01-07 07:00:00,68.81003890551219,71.0311619419439,65.02119933442185,68.01707994179525,873
2020-01-07 08:00:00,71.01538348942572,73.85750463124623,69.54568328667442,70.38822053262497,863
2020-01-07 09:00:00,61.97481072983632,64.90425296569718,58.406121860940736,63.53928597185811,394
2020-01-07 10:00:00,64.53298118677579,68.13800852175105,62.05251447485281,63.76902291228964,294
2020-01-07 11:00:00,66.96658208165455,72.27052197984824,62.49120235138588,67.28442074651525,737
2020-01-07 12:00:00,69.40673494315428,74.77635847834219,67.46764676551383,73.64819511455403,651
2020-01-07 13:00:00,60.637405077270415,60.92681901376436,56.22471014817704,59.84874551646855,194
2020-01-07 14:00:00,60.43948831417226,63.773111527301324,57.2686200121459,60.67265172662847,312
2020-01-07 15:00:00,62.61107612814684,66.32864772728898,62.31203284797296,63.23458386699146,660
2020-01-07 16:00:00,64.92764903355324,70.95326241808108,63.641872870088186,68.51758458867404,660
2020-01-07 17:00:00,59.748183487894465,62.80984280922639,56.41058548897967,56.90532530276042,704
2020-01-07 18:00:00,69.28680989582456,73.817752476765,66.48230533250234,68.21931692058918,511
2020-01-07 19:00:00,59.438999994116855,65.3000842393812,56.527628623408205,62.23414084968201,953
2020-01-07 20:00:00,72.0956598958699,74.99658659054185,69.54205739441915,73.35304958223597,203
2020-01-07 21:00:00,70.04179542439236,70.85221105887932,66.42105741363959,67.41899059119156,744
2020-01-07 22:00:00,61.65887014872577,65.67245595686008,60.71376504123473,63.22108730711169,335
2020-01-07 23:00:00,65.76709724070693,68.68408344140872,62.029476679053346,65.64858544225112,713
2020-01-08 00:00:00,68.8461913142452,69.29320011152122,65.65874979486527,68.46908322506391,475
2020-01-08 01:00:00,79.96013956796031,85.82165396794966,76.05722886281143,81.00666036281241,250
2020-01-08 02:00:00,73.39252910620003,75.95830248717414,67.72016450692433,71.37382239827959,115
2020-01-08 03:00:00,63.062449764499895,67.87022817896008,60.19033452169008,63.89717264576601,965
2020-01-08 04:00:00,63.01951314896188,66.56819913708152,58.13017794222486,63.55346194603396,899
2020-01-08 05:00:00,62.89990385548634,64.21154530325025,61.70278875521113,61.80780191174563,748
2020-01-08 06:00:00,64.57405175036776,68.4862454556827,59.60895134574471,67.21520709914749,449
2020-01-08 07:00:00,75.65160658086191,80.08198317638293,71.04412722799462,76.15985458684241,365
2020-01-08 08:00:00,65.11560842677646,68.7165127979979,64.18788986800726,68.53228900358027,987
2020-01-08 09:00:00,70.40026828298116,74.80549325567394,66.24662523018976,68.74828298219803,920
2020-01-08 10:00:00,60.61235558591351,65.62496884609341,57.70383923294232,63.29795784676814,891
2020-01-08 11:00:00,72.85085069270441,76.36619588115501,67.23469254906782,69.03295363326082,625
2020-01-08 12:00:00,56.252046304466226,59.270252847879156,53.20436370362312,53.84693938791891,448
2020-01-08 13:00:00,67.44711539151768,76.0160433869019,65.62090481266183,73.06208920059775,359
2020-01-08 14:00:00,66.48996114098169,68.58446440682762,61.80842822607867,68.43527454902183,536
2020-01-08 15:00:00,67.32528107984865,68.46684123467361,62.767641302481806,67.93397724272083,358
2020-01-08 16:00:00,61.789890262109644,67.74119484880094,59.61000945934819,63.550629586180435,744
2020-01-08 17:00:00,65.92329002273867,67.33882705664858,64.54300506447727,64.76639587687126,572
2020-01-08 18:00:00,65.52458867471186,65.8665956658838,61.93064767154175,64.8177129957039,466
2020-01-08 19:00:00,67.17306225997072,71.56912781982945,65.43780522899971,68.29297530791267,513
2020-01-08 20:00:00,68.9631940239905,69.44302990810596,61.18374916188508,66.13508617630669,616
2020-01-08 21:00:00,68.76306945112225,73.30908264212286,63.972047888077206,64.03792040103355,713
2020-01-08 22:00:00,78.01986454923326,83.39994474231516,75.19870870427616,79.77903038016791,840
2020-01-08 23:00:00,78.34843945793004,82.38233305918058,75.83468733522203,76.9695922967911,729
2020-01-09 00:00:00,67.69874839233366,73.92676758086132,62.83494103776258,69.50893719897017,163
2020-01-09 01:00:00,69.89263709840631,71.06274023727865,59.174306061415386,64.12017452465304,891
2020-01-09 02:00:00,60.57853401564761,61.12731563402143,58.56202140975671,60.94009359402965,346
2020-01-09 03:00:00,73.4838654476317,78.32891460592568,73.19953684284351,73.3733111218722,724
2020-01-09 04:00:00,77.32310720052183,79.67616195050827,70.70922224951626,74.89421483687599,914
2020-01-09 05:00:00,77.22477980665359,77.43095588009649,71.37945152429958,75.05489473689167,338
2020-01-09 06:00:00,77.00256949039922,77.61009334714409,73.60264593820136,73.9841386760111,739
2020-01-09 07:00:00,71.80690811165486,75.8919847555059,66.76027815813143,70.36401081822295,481
2020-01-09 08:00:00,67.71745422931797,72.82889791412839,63.721817105182346,68.05915584301678,208
2020-01-09 09:00:00,61.6469447469377,66.80779900809766,57.84539167155942,64.68731706597072,604
2020-01-09 10:00:00,70.09513873665897,74.24041551027916,68.85513284406362,71.22989271452319,371
2020-01-09 11:00:00,68.43939427124724,71.37998314628803,67.83186230482046,70.10992440157112,389
2020-01-09 12:00:00,59.12605926995237,64.08420129791114,57.923314002431596,58.951773200914765,357
2020-01-09 13:00:00,69.28856845669802,73.06028161831063,68.01318658272528,70.80473941099316,212
2020-01-09 14:00:00,80.76735037405273,85.52041645140137,73.08564214317624,76.85717428181582,330
2020-01-09 15:00:00,75.02555210086389,76.24914376606206,70.10183470422726,73.89165863379556,712
2020-01-09 16:00:00,66.20597193399121,70.80416180481146,63.31993427360611,68.66648236084704,132
2020-01-09 17:00:00,68.15409637805107,72.66233261112393,65.8598681487437,69.56935712723474,862
2020-01-09 18:00:00,77.95138276110764,82.87606636558375,72.75379114436234,76.07860085870581,379
2020-01-09 19:00:00,73.21217425018688,74.87921796463182,70.45025226513695,71.38709402168672,876
2020-01-09 20:00:00,76.10426825477106,81.24167833971207,73.44539541768773,77.83437482026339,315
2020-01-09 21:00:00,60.893512292940045,68.4163479188581,58.88583684721211,65.56000304066647,302
2020-01-09 22:00:00,78.58331187456679,80.52964373919804,74.17720565494514,77.37786789114661,397
2020-01-09 23:00:00,66.54134617175029,68.92738726462812,61.24531068833745,64.52071214763818,589
2020-01-10 00:00:00,65.31653451195908,66.1448842463475,61.91951458237948,65.94357946964429,701
2020-01-10 01:00:00,66.89739724901959,66.93194206216519,65.21571794360386,66.02298846562027,655
2020-01-10 02:00:00,70.35452175151359,72.71006727758238,68.86658190971251,68.92502663928478,793
2020-01-10 03:00:00,63.648693381745765,65.42486518471,59.03320961793888,64.71283185052559,523
2020-01-10 04:00:00,76.57869241950772,83.97559912271159,74.07075173626684,79.6501846528,209
2020-01-10 05:00:00,74.84638167610737,80.62559936050768,71.97180567248441,77.07803282038657,743
2020-01-10 06:00:00,77.59980683308983,79.80841263874775,76.67722274511587,77.04447503247258,959
2020-01-10 07:00:00,78.893934225768,80.04607282355174,69.92982135772267,74.03251286090752,451
2020-01-10 08:00:00,72.08583151552024,77.52585165868767,67.85325676012877,72.91289014050942,280
2020-01-10 09:00:00,79.77974318254537,84.31097956768905,75.69767342449542,81.05619474877165,597
2020-01-10 10:00:00,80.80223350127493,85.27212255535045,77.63494929419944,80.01203120090423,504
2020-01-10 11:00:00,66.26540703182546,71.11438617196598,64.83020035972181,66.49701532217946,933
2020-01-10 12:00:00,80.55079410774658,83.31782760942556,74.61858650192251,78.35904268107876,655
2020-01-10 13:00:00,65.85889173898846,67.33297497102703,65.57156817264703,66.36565716668746,460
2020-01-10 14:00:00,79.78719572964442,82.9263057441921,75.72881407644618,79.74621179895377,651
2020-01-10 15:00:00,75.90758000610225,78.96667268725407,72.63151825476095,76.32847186283374,731
2020-01-10 16:00:00,78.14106899418604,82.75246770441223,73.59442427243856,79.02833548786094,260
2020-01-10 17:00:00,73.3058948901116,78.94924108504293,70.66628254786072,74.7478840405185,232
2020-01-10 18:00:00,67.86605382140016,77.4157452399783,66.08014957663582,72.55698281887959,715
2020-01-10 19:00:00,72.0748379722513,74.12434668293956,67.31545175660114,71.55453962576625,629
2020-01-10 20:00:00,75.65874896993276,79.41051023444413,69.6037403462892,73.159448439694,638
2020-01-10 21:00:00,76.71060951279144,83.04918933211641,72.81322599368902,79.48528686385876,777
2020-01-10 22:00:00,77.2249457812892,81.00096357799451,73.00348867099943,78.37176568236329,858
2020-01-10 23:00:00,73.61689481407184,77.25080878360707,72.50725321339588,73.95880633753272,562
2020-01-11 00:00:00,74.9357854333217,76.62665778119658,70.59618194771961,71.84005110718789,196
2020-01-11 01:00:00,68.81970709691892,74.607375520505,67.752241744597,72.78194228020033,540
2020-01-11 02:00:00,72.61087845034253,74.92810190367695,69.1347194526977,71.80396075409264,382
2020-01-11 03:00:00,65.63735136111507,68.0645409303418,63.480272808914535,66.45291562817584,593
2020-01-11 04:00:00,75.7751792717703,79.17751226897963,71.17515512974126,74.58508535417229,464
2020-01-11 05:00:00,70.19314735677015,75.15027660058406,69.11421638558305,73.51338680018249,145
2020-01-11 06:00:00,69.6316387088335,72.65962432758258,65.45574718177556,67.91629868065914,605
2020-01-11 07:00:00,76.61601351575392,77.5329442995726,73.85136413053665,74.64862655130086,918
2020-01-11 08:00:00,76.86125770819545,81.77598526553375,75.06761615355546,76.99583958611652,629
2020-01-11 09:00:00,69.91788192480344,70.86344796445321,67.9437564083973,68.24387830876398,718
2020-01-11 10:00:00,66.17431021614867,72.16217346982047,65.11411045036215,68.94030966231115,174
2020-01-11 11:00:00,67.63382130320726,72.37315441103398,67.34458345449845,67.43898754573583,811
2020-01-11 12:00:00,81.05898802954907,85.77313557887828,77.25052234311113,80.6209180423787,658
2020-01-11 13:00:00,85.0268842275586,89.64467321349866,81.89153567198395,83.83708332606004,785
2020-01-11 14:00:00,72.51297139599883,78.312717208711,72.41136447887224,73.34783607421309,637
2020-01-11 15:00:00,79.05009972781684,80.65696750960666,78.6217680558114,79.87274704261996,881
2020-01-11 16:00:00,71.20027513081541,74.68857294833023,69.27450828411756,69.749063224527,135
2020-01-11 17:00:00,75.50547582960473,76.79223629928073,74.06126446262347,74.78799455243768,246
2020-01-11 18:00:00,77.28848016300235,79.12574105743997,76.37789179479846,77.87570616178482,287
2020-01-11 19:00:00,76.58733229562247,77.5832465871904,74.07498088827438,75.96986682890116,406
2020-01-11 20:00:00,78.39368754123224,81.1776718310366,70.58810938529696,75.30479159105641,927
2020-01-11 21:00:00,82.11854259149258,86.3884987023617,81.65422225815036,81.86937836678412,347
2020-01-11 22:00:00,82.46729372935634,85.47298646055951,78.22032637708361,83.03524007171602,452
2020-01-11 23:00:00,71.36981354774824,76.3159420368627,67.95640339080069,72.94074932055486,246
2020-01-12 00:00:00,70.86369748441786,76.46714442317175,68.51112655045999,73.14301034184604,798
2020-01-12 01:00:00,72.33835111834628,72.39980918333546,66.385494464997,71.32080810712478,690
2020-01-12 02:00:00,75.43559082488852,76.07398161017834,73.5243238490875,75.27641823885179,267
2020-01-12 03:00:00,74.42611002896047,78.48070614775725,68.30984134099387,72.91266656901239,847
2020-01-12 04:00:00,75.77326253212235,80.40069144783365,72.18851068641108,80.1585632197138,135
2020-01-12 05:00:00,76.25539469114773,79.38766344957908,70.6507644744095,73.06332070689557,494
2020-01-12 06:00:00,85.64872128246898,87.0204476875696,84.72036101152337,85.37203145646737,836
2020-01-12 07:00:00,73.86014110957176,76.58256485950575,71.92498566206253,72.90001866952596,670
2020-01-12 08:00:00,68.18456187443351,70.25611882980752,66.36834185963579,69.24672948017466,807
2020-01-12 09:00:00,61.18535377300932,61.40872922000431,56.34818330419468,59.453455310207616,309
2020-01-12 10:00:00,83.16109675092282,87.89186746902803,78.91399634439887,79.08681877602235,845
2020-01-12 11:00:00,70.86005373020579,78.05038249535376,67.25032318107124,73.26168077992386,923
2020-01-12 12:00:00,73.06315316683127,79.07262126240104,68.11251981550402,74.16407784535659,422
2020-01-12 13:00:00,79.72788815214967,81.84623221016511,74.27711600050704,77.33052865686037,843
2020-01-12 14:00:00,69.52202557573571,73.89453929866293,64.99871588129099,72.09750961500198,673
2020-01-12 15:00:00,67.35244905087626,70.24333431074864,66.72981318919548,68.20782419291177,371
2020-01-12 16:00:00,77.68774720333998,81.74802377221425,75.29747023272893,78.93441945608635,617
2020-01-12 17:00:00,87.39793327757067,90.03984499169817,83.00921712728884,87.65126294770776,634
2020-01-12 18:00:00,83.20513534080654,87.97361200065339,76.21643191762345,80.708301540845,122
2020-01-12 19:00:00,80.22143626011024,86.572420116277,79.00050313866815,82.57741838197715,131
2020-01-12 20:00:00,69.7874387835112,76.98467915529498,65.01304524872994,73.4335189510701,765
2020-01-12 21:00:00,66.81239828037772,69.59582072789188,66.30147640989966,69.53745153018798,311
2020-01-12 22:00:00,76.50376759207187,76.70957392757278,74.94221813761882,74.97157341324312,866
2020-01-12 23:00:00,80.49266237886255,83.82321883970258,79.37704232515347,80.73085307895789,834
2020-01-13 00:00:00,82.04018965920591,85.7454137115534,78.50821032859399,81.67159478919928,238
2020-01-13 01:00:00,75.29704702335225,76.06505014618766,71.43278739515499,71.66148848978146,459
2020-01-13 02:00:00,70.96448741091366,73.40983233085139,66.84189807091705,73.04635183515197,153
2020-01-13 03:00:00,80.93210509247203,81.0082114603863,75.90185180187962,80.74180581493692,409
2020-01-13 04:00:00,69.22747600809535,76.45487717308295,64.56487896258128,72.95715732800898,216
2020-01-13 05:00:00,90.33698983222446,93.60155708176815,85.11352519723569,89.80294765779493,328
2020-01-13 06:00:00,73.22985971671238,77.53953447801922,69.16490152077495,73.49908489796094,393
2020-01-13 07:00:00,76.47538528312127,82.1511970190395,75.1305810765144,80.02628814030022,872
2020-01-13 08:00:00,71.93224820747764,76.18351872482056,71.58380037097012,72.11479334330944,434
2020-01-13 09:00:00,76.96830430645139,81.8887258924838,73.43754727657873,77.09624763166852,424
2020-01-13 10:00:00,81.06476320937057,85.19411044165267,76.78402647358934,82.34127832120888,979
2020-01-13 11:00:00,89.03124482327782,91.43553734115844,86.13295063822167,86.84331729579253,327
2020-01-13 12:00:00,70.99454851732719,79.22147809020666,66.46924044340396,74.24248528704871,382
2020-01-13 13:00:00,75.44618637491001,79.24650914018773,70.16279180559931,74.56306287272957,396
2020-01-13 14:00:00,79.73958065015306,81.67802743283572,75.3708701718606,79.11193988836905,491
2020-01-13 15:00:00,86.07394989959997,93.57877631907164,83.38960183839508,88.96184975196604,540
2020-01-13 16:00:00,77.35205336347819,82.33068130111344,71.49812548770656,75.6636815910461,743
2020-01-13 17:00:00,79.00327062441484,81.41614316448069,77.58271175113141,78.00299082526554,892
2020-01-13 18:00:00,79.91302577890414,83.69380682420137,79.42336191297775,80.08180905418314,698
2020-01-13 19:00:00,77.00050074452074,80.20300395491992,71.440259882639,72.95142685945467,871
2020-01-13 20:00:00,69.42333403443591,76.23518893602133,68.89088607433469,74.67382169854596,535
2020-01-13 21:00:00,75.83916327987926,77.0513155371234,72.98516693931509,76.56282647537405,439
2020-01-13 22:00:00,74.70604378776918,78.13388087715684,72.44502726066212,76.00988145129689,716
2020-01-13 23:00:00,75.22334272477032,77.0590729958469,74.08356644729986,76.39022907733977,327
2020-01-14 00:00:00,78.08564448020508,81.46234501670588,71.67172284229694,75.35795357884419,919
2020-01-14 01:00:00,82.6439296859583,86.01178423469229,79.65883465539098,85.5277767487601,584
2020-01-14 02:00:00,89.76118237844862,93.45837009566095,85.82129441767002,89.954667096568,893
2020-01-14 03:00:00,72.96275931561073,78.03070731554077,69.11927086760586,73.83125160200353,767
2020-01-14 04:00:00,80.18350049809476,84.456120034207,73.26389057675748,75.94021989947925,460
2020-01-14 05:00:00,77.40752102235177,80.57502160430914,74.510852811376,78.36700435301822,425
2020-01-14 06:00:00,80.1460460524653,86.02164355889653,78.45725569088165,82.4297369918833,750
2020-01-14 07:00:00,84.15045959950892,89.46245307406922,81.59217798232712,85.44408269970137,371
2020-01-14 08:00:00,83.3186240901784,85.06338386458276,81.8830109281758,83.82031910904692,867
2020-01-14 09:00:00,82.78906031472624,84.47165724858877,82.71233035465936,83.20156180196618,710
2020-01-14 10:00:00,76.72472795415105,83.30519411486617,75.53294849580027,79.52022393230445,759
2020-01-14 11:00:00,83.35017341334482,91.49248151226674,78.39699459707604,86.71801674273605,901
2020-01-14 12:00:00,86.20768528508111,87.9806446746739,81.64276136001345,85.61669808731453,470
2020-01-14 13:00:00,78.04356727082143,81.95993674961463,76.53719754117668,78.41511249782762,166
2020-01-14 14:00:00,82.62148312038198,82.97940964341366,75.98510105574393,78.85853281235576,323
2020-01-14 15:00:00,87.07152257663054,88.97478750281275,81.72155563908493,86.4225155348473,468
2020-01-14 16:00:00,87.15561267078161,89.39022121640076,86.74801592089544,86.7997088957515,111
2020-01-14 17:00:00,83.33259346115037,84.31245708636857,79.14638212865718,82.20513285259602,545
2020-01-14 18:00:00,84.41535880158823,92.24710890549369,79.99240816039845,88.13559715189096,222
2020-01-14 19:00:00,79.37588797583824,84.51818429694815,76.08381898394774,81.16048084513196,375
2020-01-14 20:00:00,78.96770798772546,82.23254140467441,78.82340431956742,78.98929449151933,526
2020-01-14 21:00:00,79.88631737925672,81.56338860384324,77.31456787050858,79.70969894357621,204
2020-01-14 22:00:00,97.3252542987303,99.30631327599482,89.97027282578077,93.46561246328928,110
2020-01-14 23:00:00,87.58610939483069,92.10335427816452,83.85623644280334,87.01545740369606,669
2020-01-15 00:00:00,85.25077891838706,86.90865489083059,83.74183182296059,84.56955890853982,798
2020-01-15 01:00:00,85.99489262626994,88.77764244187986,84.48625529367268,86.16585073959953,957
2020-01-15 02:00:00,95.2831970926169,99.69437591974965,90.1135960378597,90.86296009493287,355
2020-01-15 03:00:00,84.38580436225642,86.88634171754705,78.61651147131505,83.57962562401076,940
2020-01-15 04:00:00,77.17313306073054,77.58465663854788,71.83743571321435,74.88356795485352,759
2020-01-15 05:00:00,80.79694511396227,84.10768595060401,79.82684261561337,80.41023161619783,768
2020-01-15 06:00:00,80.64569867545069,83.5781953213598,79.88337740250311,82.14043844000197,276
2020-01-15 07:00:00,76.95162963997147,78.6875796413065,73.63237016952614,76.67157597719398,115
2020-01-15 08:00:00,85.4190100335755,88.481429431738,79.3492169177439,81.36330736996842,351
2020-01-15 09:00:00,79.08932995890459,80.3684441786883,75.5077833236652,78.12568795419574,796
2020-01-15 10:00:00,91.89390542113534,96.73390752176522,89.51729486703151,92.03507831017485,972
2020-01-15 11:00:00,95.8713140271577,99.14076358341687,87.79907890106476,92.35981632784537,692
2020-01-15 12:00:00,81.82430443724367,86.15433142297616,81.54580942802829,81.59110286967316,659
2020-01-15 13:00:00,82.50556334453582,87.60121099469494,81.82646325863993,86.08746193520219,231
2020-01-15 14:00:00,87.98190757514374,91.07628776579374,83.01224340401073,87.2581085733411,298
2020-01-15 15:00:00,81.58366236550964,85.28756380572342,76.57038263379383,77.32343960707917,201
2020-01-15 16:00:00,92.77447305889352,97.30887475608878,91.8822388697678,93.24315510652458,751
2020-01-15 17:00:00,90.1745852132529,94.92302815498556,87.00248695924374,88.21137816674342,569
2020-01-15 18:00:00,78.83013662333322,83.51956306692932,77.33940211936857,79.97334700565932,251
2020-01-15 19:00:00,77.79661847327377,82.44795949148076,76.61690656905239,78.56069421354319,306
2020-01-15 20:00:00,89.36298870474064,90.32749666051537,85.17957491761267,88.06810195012113,678
2020-01-15 21:00:00,82.14536616789246,86.79808503777046,77.18969664313128,79.71263529073924,772
2020-01-15 22:00:00,84.34202635561888,94.06721117238266,84.30223866117207,89.26731284882842,474
2020-01-15 23:00:00,84.82549127374236,85.78014163370942,81.24887858156329,85.70072559118834,522
2020-01-16 00:00:00,88.83382293674018,91.41258311187818,86.01180054146604,86.97617868849177,127
2020-01-16 01:00:00,90.39159544037307,93.79584975466764,88.56966714701419,91.23784150080925,459
2020-01-16 02:00:00,96.2307725517419,99.4249493473059,95.81709440628451,96.33719930230643,448
2020-01-16 03:00:00,84.56131489477482,90.55384636516767,82.42877012893628,86.45958219113692,589
2020-01-16 04:00:00,94.3153560790935,96.1296981505715,88.13381091191417,92.6649615868231,156
2020-01-16 05:00:00,86.26458730432702,88.97762559470648,83.34523006362903,84.49032217757282,632
2020-01-16 06:00:00,83.49300035698619,91.26759225055832,79.35241791288871,88.11334457912034,677
2020-01-16 07:00:00,80.85835984028165,85.38769434857245,80.12566216021929,80.43794787222075,210
2020-01-16 08:00:00,90.17106290599597,93.04921716563855,89.84610412765005,91.52577516662046,115
2020-01-16 09:00:00,83.23075450351082,85.56863995948669,82.80662008531422,84.3755967814187,626
2020-01-16 10:00:00,87.64216629704185,91.55049533358078,82.2514921176454,86.5173486161923,449
2020-01-16 11:00:00,94.41029895275148,96.16691543126292,89.09085842675891,94.0039869413895,525
2020-01-16 12:00:00,94.57608322489679,99.21599510824252,90.3634058877658,94.67802204356973,859
2020-01-16 13:00:00,92.94141456782461,95.62426818029294,91.32318039359475,93.16030601227341,639
2020-01-16 14:00:00,83.3945740474197,86.06830909040691,78.99916447123623,82.7065094832974,410
2020-01-16 15:00:00,100.23859968827502,104.28768316147668,97.69049958670884,99.43762160039083,640
2020-01-16 16:00:00,92.92496509289795,95.62433961790167,87.48809147784549,90.25595089743588,348
2020-01-16 17:00:00,83.68705387068346,85.16218559821085,81.44021383765742,83.3504790020386,298
2020-01-16 18:00:00,86.32830115772877,89.11478496564544,86.26699022070278,87.80956579847224,697
2020-01-16 19:00:00,105.93355274501141,106.16348386363225,102.0644364444091,103.8033925810876,724
2020-01-16 20:00:00,86.20080766081529,86.63247891392102,82.54675560038613,86.061873679112,986
2020-01-16 21:00:00,91.27826280468895,93.60172401280002,88.73496765231182,92.37073249586409,647
2020-01-16 22:00:00,81.69169957538713,85.14689080739448,76.31954461948528,80.79255104781889,183
2020-01-16 23:00:00,82.16844972717529,87.43458150518302,78.01220845253413,85.37799913934296,609
2020-01-17 00:00:00,88.6636405872678,91.54215395520932,84.42920263839036,87.80435388882606,576
2020-01-17 01:00:00,90.28013174050312,90.86543564130315,81.95319690798215,86.12726284713246,673
2020-01-17 02:00:00,86.18354496737943,89.13388471230068,84.05619307507968,86.40941415706995,813
2020-01-17 03:00:00,89.7551492116977,94.20674337342392,87.6233467457723,91.18105051645861,715
2020-01-17 04:00:00,90.71975335804542,95.83323554646023,89.90398582355301,91.63493489858939,732
2020-01-17 05:00:00,85.73892573301808,91.7803490884037,84.51067984727187,87.9998375977769,482
2020-01-17 06:00:00,94.6460916176808,100.5010476002224,92.53017116018708,97.56960199198758,215
2020-01-17 07:00:00,89.39501425951471,94.17381877481871,86.16423228578387,90.06079102233416,750
2020-01-17 08:00:00,80.06914582598135,84.86725754648282,76.08057903945812,83.66344010835641,811
2020-01-17 09:00:00,87.83827291314935,92.33618960469987,84.98916006713044,88.72154691754527,927
2020-01-17 10:00:00,83.56011020998059,85.13791780765268,82.64366253865434,83.5843513661494,150
2020-01-17 11:00:00,92.46217338550282,95.80395627325532,86.43915886437316,91.04849667633512,472
2020-01-17 12:00:00,87.85690010781241,92.6654553675225,84.90177752623417,87.30012001881812,367
2020-01-17 13:00:00,99.60260622019099,101.52547697791125,94.83960127170859,98.637143604522,100
2020-01-17 14:00:00,96.9696468183904,98.96467530128147,92.77425031004901,97.3579445486489,795
2020-01-17 15:00:00,102.78041414111718,103.59168319974134,99.800870987965,102.49366743454631,102
2020-01-17 16:00:00,92.52492649899116,96.74237899091416,91.05637310356349,91.20936928006034,598
2020-01-17 17:00:00,93.64971856993701,94.23717018538824,89.27561280113211,93.25072090868294,670
2020-01-17 18:00:00,104.47344530651381,107.66693535473502,97.31768584143195,100.13119692433747,177
2020-01-17 19:00:00,90.09969815139543,96.15979451039419,87.358559872168,91.27944197657976,535
2020-01-17 20:00:00,92.95878094877358,94.8655180272433,90.60384501676504,91.12634896742257,248
2020-01-17 21:00:00,95.99495926790283,97.7258238799525,92.33603378768187,92.98079724391366,312
2020-01-17 22:00:00,93.53084679614533,100.62773411174669,88.72575795124641,96.31993475922243,383
2020-01-17 23:00:00,85.39932540940414,92.04654813496882,83.28101113194636,87.0576458603118,433
2020-01-18 00:00:00,97.93668595101691,98.90690647269726,93.14864976327222,98.40953824421766,767
2020-01-18 01:00:00,90.20919014578628,93.3191359872328,86.91222452818005,93.2631005060572,242
2020-01-18 02:00:00,84.90598200131149,88.3185807930206,80.84950101097014,83.19422615367283,775
2020-01-18 03:00:00,88.55784418622159,90.69182985449613,86.82890226147774,90.667875363308,796
2020-01-18 04:00:00,96.3783158254222,100.54065211961125,91.64483923353939,94.91332554977848,675
2020-01-18 05:00:00,98.1274809233418,101.30348227214088,93.74749472370473,97.10454183076935,312
2020-01-18 06:00:00,92.89396632120666,94.30461093468921,92.73887712501407,93.42204853072697,347
2020-01-18 07:00:00,88.82530528923186,89.04720085407666,81.09022785966008,84.45871918666194,930
2020-01-18 08:00:00,83.17952739473506,88.30480423490411,78.59989034136969,85.51738091497049,190
2020-01-18 09:00:00,94.0503723646628,97.40506976642854,91.51670478749516,93.19501124478197,903
2020-01-18 10:00:00,86.55467297259865,92.71891530531919,84.90231083010218,88.91411447253746,626
2020-01-18 11:00:00,85.02242967278474,91.96753655636779,80.81713525337605,87.15579846754517,944
2020-01-18 12:00:00,91.81719256664908,93.49927946941958,90.23416367948626,93.15967715686017,878
2020-01-18 13:00:00,94.87412862701343,99.48943955896976,94.5487684099395,96.39882102467524,308
2020-01-18 14:00:00,83.18282951728284,84.36533379042105,79.31641717970346,83.6586102381999,673
2020-01-18 15:00:00,89.51807455720441,92.2061869885981,89.00102511869487,91.64156958544348,355
2020-01-18 16:00:00,96.93526146386036,99.7069800833394,93.99668669069254,94.23620073928167,132
2020-01-18 17:00:00,90.66800303183874,95.46577486802312,87.73364357849552,92.63773461181343,827
2020-01-18 18:00:00,94.06734959105843,100.48839288690536,94.01349088882782,96.58851034024515,523
2020-01-18 19:00:00,85.3671037603032,89.57343690297631,80.84594126002621,86.01180218576937,671
2020-01-18 20:00:00,86.3047116481469,90.72927505908534,82.89123825711872,87.4431511110255,428
2020-01-18 21:00:00,89.56302975258613,93.76738998285383,87.52979723171683,92.1114667173835,800
2020-01-18 22:00:00,95.01131113027341,99.12231858241151,93.83696465664502,94.4124141160219,235
2020-01-18 23:00:00,89.60789257724888,95.57512738078825,88.65132797117522,92.83254099218485,248
2020-01-19 00:00:00,93.9633500427427,94.09875536658929,89.32759899751984,91.72982378882358,203
2020-01-19 01:00:00,89.10187108901708,94.06514651065321,86.3155847975455,92.84226107018087,667
2020-01-19 02:00:00,100.24973073690943,104.016189547236,98.76025893031749,102.04814202345467,965
2020-01-19 03:00:00,96.52470928363861,97.3884334011477,91.74964406596693,92.350524524728,487
2020-01-19 04:00:00,90.69451222519787,95.78568767256378,89.92235563820356,92.2166701803415,398
2020-01-19 05:00:00,89.56269607048847,94.50870941423254,87.48546169256576,90.46102034613364,570
2020-01-19 06:00:00,87.14668359053638,91.50363400650141,86.43875359761215,89.98144727948556,835
2020-01-19 07:00:00,98.17404050094707,101.7584829973998,95.58040037848609,97.07490412250552,641
2020-01-19 08:00:00,89.93634459112744,90.90364103312471,88.23077074283562,89.00482872228042,319
2020-01-19 09:00:00,86.63409957662415,92.84995914776101,84.3014824806525,89.15515532291667,388
2020-01-19 10:00:00,98.47185146274512,99.2416432382201,97.44084781822994,97.98191854731245,169
2020-01-19 11:00:00,85.75829982575799,93.63825198659454,85.04880110421652,89.26029814970002,167
2020-01-19 12:00:00,96.17669658983871,96.33341804905776,93.45867575898704,96.27671352369205,977
2020-01-19 13:00:00,88.58896616488884,93.4534756126182,87.10574580776003,87.8049359462684,175
2020-01-19 14:00:00,94.76710790805143,95.88446315477134,91.2669971441044,95.65981207601537,821
2020-01-19 15:00:00,92.09823556032744,93.98278133375655,90.39197823444242,91.88781488853401,175
2020-01-19 16:00:00,91.08134776478309,91.82534956106811,83.47609068971727,87.34511469196568,877
2020-01-19 17:00:00,104.70100295343144,107.83062897216958,97.20350579282353,101.64780388192824,608
2020-01-19 18:00:00,86.75232128042815,92.02936878418134,85.67294399608579,90.20854330274157,358
2020-01-19 19:00:00,98.69119258437918,101.66451268562975,94.28956498840535,98.14970641313786,302
2020-01-19 20:00:00,93.98544007873323,96.32815960759416,89.5032897378098,92.250802057763,843
2020-01-19 21:00:00,92.10123710177415,93.97907314681805,88.13418028529162,91.35884089795252,596
2020-01-19 22:00:00,95.04020823735966,96.296873368706,90.63221210177551,95.15429985471513,564
2020-01-19 23:00:00,97.30499306834997,101.5315688286571,92.07009909359692,96.5878855670636,985
2020-01-20 00:00:00,94.43353338273778,98.20466070955655,88.21623373423361,92.29695689775329,239
2020-01-20 01:00:00,84.69565497804723,85.68210323123908,79.74078471517848,84.84325782940694,444
2020-01-20 02:00:00,91.33343916770866,95.50841124833177,86.83677962531407,94.51552029978549,178
2020-01-20 03:00:00,98.55176917875215,105.60795059039596,95.02293221960178,101.393984595252,967
2020-01-20 04:00:00,100.79328248877906,102.46603958374351,100.29446845799163,100.59067548330844,264
2020-01-20 05:00:00,100.84691320368609,100.93207759293472,99.63192740317243,100.27755518303897,671
2020-01-20 06:00:00,90.9621096700432,91.85709723100099,87.10427646153214,91.51835488687384,931
2020-01-20 07:00:00,101.92734969688225,106.09066063503903,95.06938555546576,100.01652777502179,242
2020-01-20 08:00:00,91.58199436581918,93.88132197519134,88.44364051848285,92.42675471322066,533
2020-01-20 09:00:00,96.07929863215921,99.52474396667584,92.78018993564405,96.82489448716359,905
2020-01-20 10:00:00,97.07086643543947,100.21042569620633,96.41419727353953,96.66762764226404,140
2020-01-20 11:00:00,92.08874891088675,93.02111546517784,91.55895515659068,92.95500901325653,625
2020-01-20 12:00:00,90.73762763826608,93.90820334017498,88.74271691858371,92.80137176867497,204
2020-01-20 13:00:00,92.1729670759181,95.82254688754988,90.91391325903038,94.50792202065412,675
2020-01-20 14:00:00,106.30650474513692,108.58214529971549,103.11147123621188,106.06376945907924,722
2020-01-20 15:00:00,101.65506370534993,104.05885152230535,98.1665114723601,100.61381561177754,298
2020-01-20 16:00:00,105.36594719691148,110.21579249459404,101.79444687575666,104.83892202443246,184
2020-01-20 17:00:00,95.14168221161832,99.01018817599736,89.42695087924673,91.40735568961779,188
2020-01-20 18:00:00,101.03062661042675,105.99491778061099,100.59954439919002,101.47073155622638,714
2020-01-20 19:00:00,98.10349232466228,104.1397154089718,96.51176639967217,99.19711375164857,113
2020-01-20 20:00:00,103.39813348955298,106.03513441318252,103.26694151169261,104.87483442148188,915
2020-01-20 21:00:00,104.99316676831455,106.98284776524018,102.32898520815698,105.91110225492335,581
2020-01-20 22:00:00,102.14443823767427,102.85822342530533,100.92364630378226,101.96770556329227,123
2020-01-20 23:00:00,102.9400115597398,105.75589693993447,100.6355398498751,101.18285166646568,669
2020-01-21 00:00:00,97.35975510988196,100.75521254221884,92.78108769598303,96.56870411824522,191
2020-01-21 01:00:00,104.49043348733231,107.8601652911855,99.58715401396901,102.60823638544525,442
2020-01-21 02:00:00,105.70392501181952,112.96108168659448,105.58799760615705,108.79044460577518,758
2020-01-21 03:00:00,98.4282969478013,100.68902378061773,97.66760885108758,98.46608821511094,347
2020-01-21 04:00:00,98.5099768647463,103.35792433041887,98.32525046299035,99.64060619812896,353
2020-01-21 05:00:00,107.29722897270294,111.91382319631178,103.64303772483333,104.63362095505937,613
2020-01-21 06:00:00,95.86773976592255,100.42209430323008,95.36711974886798,100.23720709100935,869
2020-01-21 07:00:00,97.09673889475474,100.51822373853587,92.41385951254533,94.72632888492193,885
2020-01-21 08:00:00,91.3348050134337,97.4649791211006,89.24481257144666,93.65193719002154,406
2020-01-21 09:00:00,94.40767920949855,100.01451846190386,89.43746318155762,96.42610313008139,794
2020-01-21 10:00:00,102.87897011445268,107.56155555979787,98.09636944986825,106.65822437505246,637
2020-01-21 11:00:00,99.63778946995981,103.57083820713433,95.98374411236719,101.37695589248914,953
2020-01-21 12:00:00,109.7412116271051,112.34881910053556,107.03038627169816,109.14167283464606,983
2020-01-21 13:00:00,105.19509843473581,109.22538735953701,101.21881977668707,105.08665327448736,227
2020-01-21 14:00:00,114.78662580690175,119.43635838373793,113.44254668033723,115.55658369786238,299
2020-01-21 15:00:00,90.22679636571941,96.0563872763944,85.56679467508009,91.74331629494571,647
2020-01-21 16:00:00,96.99198804059452,99.6551198461926,94.36073191698952,99.50235218832145,993
2020-01-21 17:00:00,96.52923648232364,98.46719158806097,95.4674966442232,97.47266361000977,151
2020-01-21 18:00:00,95.14668498685243,101.48811710967715,94.84260366631389,96.78341471578962,740
2020-01-21 19:00:00,101.1114813651441,104.02946997963629,96.84220896384605,100.37307824212236,208
2020-01-21 20:00:00,105.31795577499575,109.66073271316412,104.29102603991645,106.91982503824921,502
2020-01-21 21:00:00,103.27832163044424,104.33626085945208,100.99707007565875,101.01480417587243,661
2020-01-21 22:00:00,100.39272412852905,106.7443710309468,95.69897801601844,101.98416741865155,894
2020-01-21 23:00:00,100.50189166959659,102.95920063407057,95.50772135397808,101.82740741940155,718
2020-01-22 00:00:00,97.84866538766329,98.6079676073401,91.49071284360582,94.0916160862818,395
2020-01-22 01:00:00,99.30648584229981,102.87430902554996,96.35427484640336,97.31035874169879,746
2020-01-22 02:00:00,95.50453879043205,97.86275017539786,90.59989338682244,93.39475176318396,196
2020-01-22 03:00:00,94.88999496983655,100.35195450770979,91.64694185368134,97.8773973106994,899
2020-01-22 04:00:00,99.87771112206254,102.77008579574554,99.49665126420922,100.42959339095735,741
2020-01-22 05:00:00,104.14667404691806,106.38276918758294,101.33555842369282,103.43627740848038,980
2020-01-22 06:00:00,87.66241139779602,93.58588319787813,84.95962029397933,89.43546401930998,793
2020-01-22 07:00:00,99.62579494385213,102.49408443871118,99.42705287470949,99.86790761944984,914
2020-01-22 08:00:00,95.1083798241276,95.16831358292644,91.34414967794012,94.76063302683202,406
2020-01-22 09:00:00,104.28976776092166,105.00458850542667,101.02687786966216,101.62631797655874,549
2020-01-22 10:00:00,103.67532536823006,104.1251040922035,96.98975183291701,101.28333333576938,954
2020-01-22 11:00:00,96.65044686894575,98.41683091679363,92.22477101895976,94.95465533351329,396
2020-01-22 12:00:00,96.80300410393168,99.87955200445876,94.6200573000059,97.48616788949886,635
2020-01-22 13:00:00,111.74203509404457,116.31329755755498,103.65230737858128,108.59993286292274,320
2020-01-22 14:00:00,104.05788056418758,108.42223068781452,103.1523670481215,106.38850472638951,823
2020-01-22 15:00:00,106.37159802153873,109.28705968838446,102.96495474320149,104.33830948041891,470
2020-01-22 16:00:00,110.79401052293373,110.91476545762637,107.01491459865795,107.3024028460799,140
2020-01-22 17:00:00,98.14780253071305,101.13696317536854,94.32001206545905,100.73722347404986,128
2020-01-22 18:00:00,98.70443945113698,102.1539858678049,94.48647841618538,95.17206656849599,822
2020-01-22 19:00:00,101.69020158698422,103.75421489235669,101.03425840808852,101.19525109516682,178
2020-01-22 20:00:00,106.69329787776662,107.35759116951675,104.91615070982756,106.3585413595661,534
2020-01-22 21:00:00,101.17002021821472,105.11959276232513,98.77632510917375,101.23244731258697,336
2020-01-22 22:00:00,93.2084973352357,93.55237299817071,91.07404944548192,92.21592151904252,582
2020-01-22 23:00:00,98.77641200568107,104.86211839915617,98.49965354303441,100.37331652619737,357
2020-01-23 00:00:00,102.95513708944662,107.8863506982888,99.65151038847856,101.48530380070491,823
2020-01-23 01:00:00,98.5030573654832,103.44984499629368,92.09085104253091,97.0452252294656,636
2020-01-23 02:00:00,104.6026106645461,108.24103760575572,100.20930707713825,106.15984017886106,436
2020-01-23 03:00:00,99.99657282631675,100.10215983894166,98.50885042586157,99.55832606205121,445
2020-01-23 04:00:00,103.67048282161986,106.13179112704675,101.35457913075449,104.23148427906037,499
2020-01-23 05:00:00,107.8815268233782,112.40764890925081,107.42720844585475,109.91824774252545,894
2020-01-23 06:00:00,108.0064318923943,113.06881643113499,105.69240274157177,108.87390712070066,589
2020-01-23 07:00:00,102.34127555052159,103.98632700730666,94.60849087039541,99.26068548662408,789
2020-01-23 08:00:00,99.24437880879508,106.28265230923385,95.4590556739453,101.34102621134457,809
2020-01-23 09:00:00,101.74060666631733,105.30131255306112,97.76244321318373,104.01450510830952,741
2020-01-23 10:00:00,103.64199282352885,110.24577561449125,100.49474632662488,105.99398493450515,548
2020-01-23 11:00:00,98.64839710422523,102.01426603646398,95.62338920843037,97.5106510209576,773
2020-01-23 12:00:00,95.67332099157095,102.7296652016792,93.98362701444832,98.7068838543296,959
2020-01-23 13:00:00,109.84657179743824,115.01842549257728,109.38721240629711,112.00110878989094,431
2020-01-23 14:00:00,106.95199901880805,109.32198427792909,105.25213995685966,106.26152677396621,943
2020-01-23 15:00:00,107.46271378075112,112.96287385545,106.36904877834887,108.87050689652665,215
2020-01-23 16:00:00,101.46960931901985,102.5520673199381,96.0564050993653,99.73714923142239,169
2020-01-23 17:00:00,101.35075606540771,102.65756227708815,98.20750211720143,101.15385201688422,451
2020-01-23 18:00:00,91.27214820664369,96.80887074427933,89.52506009244787,93.71306426241716,835
2020-01-23 19:00:00,97.08770840301196,105.2895354221341,96.83013660261322,100.90934553178182,317
2020-01-23 20:00:00,106.5705356531949,112.50741909212952,103.95680086436536,108.7793528759121,947
2020-01-23 21:00:00,103.73784561907135,105.55824856810429,102.36612806470403,103.15774828299587,756
2020-01-23 22:00:00,102.16541673514351,110.45614476790979,101.93750107707599,106.8523938790761,662
2020-01-23 23:00:00,115.39421540832615,117.53906561831182,109.1694708823933,113.4813337134041,556
2020-01-24 00:00:00,105.66299251211362,107.6260542884256,101.07408808727043,105.83100379677721,543
2020-01-24 01:00:00,108.46587511934973,111.29400870444891,102.9799480614644,105.22002651250128,129
2020-01-24 02:00:00,101.89507905736593,107.13671539596656,101.36256080932507,102.60389853920289,750
2020-01-24 03:00:00,106.52016770426168,108.55917122717494,102.26244971914363,107.01450895742691,296
2020-01-24 04:00:00,100.48010075812324,102.43023800742029,97.20838763783753,100.28532967556035,329
2020-01-24 05:00:00,109.11830547583395,109.6526978945965,105.57237284633091,108.55489697475369,493
2020-01-24 06:00:00,103.92477223956303,105.63655073837384,97.46392630888917,102.37865384130292,430
2020-01-24 07:00:00,116.90050578381376,119.47690123019964,111.0148531494798,115.63296705170461,959
2020-01-24 08:00:00,103.59267832419648,108.10458762672154,101.28213762165518,104.16267819756635,369
2020-01-24 09:00:00,107.44687031748623,108.98828909136695,106.32196183786618,108.36900628808509,156
2020-01-24 10:00:00,100.37696874035855,103.61049493024677,99.17786560508243,102.14314705868992,152
2020-01-24 11:00:00,103.4346175990406,106.16119862924648,103.30427079951015,103.98185476457977,962
2020-01-24 12:00:00,101.71795767853769,104.97780792070265,101.24332341261139,103.54101954942873,296
2020-01-24 13:00:00,105.80887841061808,109.3391582938996,102.85004466938682,108.88891514769536,540
2020-01-24 14:00:00,108.86179845898961,112.8461692759037,107.91080856060971,110.65523673011856,150
2020-01-24 15:00:00,111.3252712469497,112.26963922195237,108.66160151073464,111.82751656099109,403
2020-01-24 16:00:00,109.9490301530446,112.12567737615217,107.26665637636076,109.36956920116467,796
2020-01-24 17:00:00,104.55833724473418,111.21525375797371,104.30740953449396,107.2613465330764,829
2020-01-24 18:00:00,97.82966502032838,100.23464259781052,93.82342602260049,95.25469276966066,492
2020-01-24 19:00:00,111.60732953481494,116.066894317941,107.35219283514192,108.9810423158764,529
2020-01-24 20:00:00,114.14857058856077,117.18201619781046,113.39514577198052,114.11409842903623,220
2020-01-24 21:00:00,111.4347014531528,115.92756897934558,106.50040245335599,108.0936707837961,877
2020-01-24 22:00:00,105.21965790634684,108.44059575788093,100.49580412895222,104.53498177884975,682
2020-01-24 23:00:00,109.12742251459768,112.49780180089142,109.01737798251061,111.62016297785479,961
2020-01-25 00:00:00,109.34302664644615,113.84030755286678,108.01685194012346,109.29962506818596,205
2020-01-25 01:00:00,104.19092130529934,108.6663619160318,103.93115328712913,105.00945942150439,822
2020-01-25 02:00:00,107.04947428289839,109.9472951228941,99.4481826408374,103.20855397670994,911
2020-01-25 03:00:00,111.980538324859,113.24976933974585,109.52124145102721,113.09277189214446,112
2020-01-25 04:00:00,104.95099110355008,110.71118548351262,103.19304508969293,105.9901459815163,410
2020-01-25 05:00:00,107.50389824353587,110.53684388723323,104.11856658428997,104.18555396156268,862
2020-01-25 06:00:00,103.70854517873123,110.82317381154127,99.14901008732112,106.77206505473863,862
2020-01-25 07:00:00,97.94987669111242,106.12156072430727,94.22786447800898,101.65355789440636,203
2020-01-25 08:00:00,105.29385573403414,108.2993473700875,102.66899719954183,106.05296152687347,191
2020-01-25 09:00:00,117.43194645007567,120.22440716412247,115.74979771564367,119.84602500942674,959
2020-01-25 10:00:00,115.96340045488013,116.7236696876187,112.26747087974822,113.95347867885006,526
2020-01-25 11:00:00,98.80462047211942,103.70926416729824,94.01341288303156,98.86223096224391,477
2020-01-25 12:00:00,108.73053005215742,110.88930983758027,107.04298304219432,107.60228973628755,923
2020-01-25 13:00:00,120.04923554371013,120.30837648031276,117.3019239246467,120.0510065830673,676
2020-01-25 14:00:00,116.00940848697675,118.93134926318967,114.5722645335867,116.04906646440641,486
2020-01-25 15:00:00,113.71355604288213,115.70991988134048,112.78838277491579,114.00259557259686,325
2020-01-25 16:00:00,106.12792999547813,108.07254895655365,102.32398551749112,102.37996787808098,480
2020-01-25 17:00:00,104.74245248897445,109.83414158718394,102.64899862455141,108.01178360998097,975
2020-01-25 18:00:00,115.15501039707333,117.48369858627171,112.85331424416816,114.53131915142161,700
2020-01-25 19:00:00,110.86069181101887,114.2656311229716,110.57277285700403,111.33102387798883,341
2020-01-25 20:00:00,110.88798989652247,112.20371469093512,108.89984587358464,111.9207147487732,443
2020-01-25 21:00:00,112.87551442221519,117.04121862504735,108.53062844084488,111.91311508876638,134
2020-01-25 22:00:00,114.64195974316426,116.67027499118699,110.22513854976502,115.20095009218105,539
2020-01-25 23:00:00,107.80272604133872,108.66411440904628,103.34445281719411,106.08398364777042,552
2020-01-26 00:00:00,119.41493033396546,122.05549490174191,110.6499504643444,114.75004800020128,986
2020-01-26 01:00:00,112.28084327844515,114.31244680053193,109.37308108093157,113.16152608973377,479
2020-01-26 02:00:00,100.93748862268305,108.73235710307401,98.65649642570084,104.93512527717017,110
2020-01-26 03:00:00,107.04143198709676,112.00472830909361,103.87701382556261,108.98250427300275,463
2020-01-26 04:00:00,102.80737444521004,105.68311167343154,101.81715766997583,103.99661904640992,482
2020-01-26 05:00:00,106.16586660535698,111.56754515635991,102.63411650155334,108.9211484726649,428
2020-01-26 06:00:00,111.5433612507358,114.42132893572472,110.29060158965785,112.26545859980529,747
2020-01-26 07:00:00,104.53741313732934,104.99196427106452,100.77588318368947,104.37045667826206,624
2020-01-26 08:00:00,112.03583453146528,118.38382607357318,111.35415145629926,114.54068787845955,818
2020-01-26 09:00:00,110.3571202188541,114.63880022759568,106.80663124323816,112.38611045577275,804
2020-01-26 10:00:00,107.07992839724803,110.60875763159544,104.58623560498108,106.53804680088032,297
2020-01-26 11:00:00,122.16748121789276,122.74673757012502,120.69942162262831,122.18400319529704,935
2020-01-26 12:00:00,112.12759836699823,117.04803929623633,109.25505769829718,113.8521839652932,268
2020-01-26 13:00:00,115.83787619070421,119.82884684061048,112.87845291181401,114.49141221574237,735
2020-01-26 14:00:00,112.7639559435188,113.27790424828918,111.8014184378118,112.61360918712896,189
2020-01-26 15:00:00,114.36407231591966,116.70372629322183,113.98754546688822,114.62893902518677,992
2020-01-26 16:00:00,100.42636047661689,102.56259306901914,95.6587593673538,100.06015488348537,316
2020-01-26 17:00:00,109.81287913056096,113.69615004217069,106.84554778943594,112.50874111189586,918
2020-01-26 18:00:00,119.53328319841128,122.52877857482248,114.345165216576,116.80261632881609,577
2020-01-26 19:00:00,112.12043077439307,118.99323382677113,111.32062064090933,114.4292408860299,940
2020-01-26 20:00:00,109.05964693179253,111.26660405394264,106.24359901350881,107.11704267399833,572
2020-01-26 21:00:00,119.53706506930749,122.27727009338854,116.9283075951019,117.83258580849608,920
2020-01-26 22:00:00,118.90430073894576,119.52943439686833,114.45592651595499,119.48356100427058,883
2020-01-26 23:00:00,114.17092754173866,118.21586705320044,111.1165189038544,114.18300719007986,314
2020-01-27 00:00:00,105.3126347151167,108.88390491123066,102.08208209533827,105.3343254376442,581
2020-01-27 01:00:00,114.61218153953699,116.18642246824612,113.1666640193416,113.94552425078459,834
2020-01-27 02:00:00,102.44094299453101,107.463470133707,100.64806788651933,103.77550361683896,391
2020-01-27 03:00:00,107.29985517443177,111.39458622938223,99.86322791363537,104.04730075262133,261
2020-01-27 04:00:00,112.10623846304682,116.4602159648373,107.8204037700333,112.5049775313495,332
2020-01-27 05:00:00,111.7476201111129,117.49008384067675,107.5432936361946,113.25769429096448,665
2020-01-27 06:00:00,102.73137695631195,104.83117817013205,101.8136132088909,102.62012261471885,464
2020-01-27 07:00:00,111.28431342065674,114.93665711676056,108.94062663479498,114.12545175353854,167
2020-01-27 08:00:00,115.5457987205847,117.71279718934883,112.27391029525654,115.81562804260837,406
2020-01-27 09:00:00,106.28920009010118,108.05338528918057,101.65427436115894,106.9423328091568,711
2020-01-27 10:00:00,111.0617248844955,115.06820952577007,109.14809817627119,109.27068803483888,662
2020-01-27 11:00:00,117.87709725777698,120.23346573011047,115.40222534428182,118.5204522416544,965
2020-01-27 12:00:00,111.84824182548313,116.15612925133259,110.74007637023743,112.49299815930952,727
2020-01-27 13:00:00,108.9313161324263,115.40963926675502,107.89900762466479,112.21231635788733,666
2020-01-27 14:00:00,110.5267530475035,111.00456401095505,105.31887544146892,109.65892834080628,604
2020-01-27 15:00:00,119.63371320930969,121.73926360987532,113.51252175977747,116.16247028394537,953
2020-01-27 16:00:00,125.2956983463677,132.7859747932428,123.39493690489039,128.09366870611532,871
2020-01-27 17:00:00,105.29263411909741,107.79671950260114,104.64206311311001,107.17713394457456,992
2020-01-27 18:00:00,115.79363462428744,117.04806595733409,110.05104549627505,114.6789651269649,177
2020-01-27 19:00:00,113.5309380261769,115.14285302423261,111.90134906546147,113.09409670089593,482
2020-01-27 20:00:00,127.87786857865433,131.19937205490857,124.46235617843779,126.71753760434027,112
2020-01-27 21:00:00,111.07612319527581,114.30305337854888,109.83770308355014,110.18857979827449,468
2020-01-27 22:00:00,108.10113935941216,108.30517198606665,102.72866083923687,104.38836148053514,977
2020-01-27 23:00:00,119.33368513293635,124.38565100222131,114.47518282277946,119.51809606716432,635
2020-01-28 00:00:00,111.67883465085657,114.06754564379982,109.66848243789434,111.24862999594899,917
2020-01-28 01:00:00,114.24703072580378,115.7567176543158,108.05649722142049,111.9235430724067,892
2020-01-28 02:00:00,114.25479705882532,115.96157533225974,112.04978327051636,113.72594827648904,444
2020-01-28 03:00:00,117.38270375907395,120.82324232814823,112.83776784526125,117.68148513907492,698
2020-01-28 04:00:00,116.00429162896512,120.79416525639597,114.82540148892048,118.81263953227092,462
2020-01-28 05:00:00,122.35062126682911,123.75125275382594,121.50149017087634,121.86010109119859,801
2020-01-28 06:00:00,120.31928114530463,121.66523401412516,114.31212524926124,118.28181624951826,550
2020-01-28 07:00:00,117.33975832923024,118.7680149837813,116.57692354699911,117.80385065824784,587
2020-01-28 08:00:00,126.21047848127337,126.85185075190944,122.41912068868861,125.64037097269897,934
2020-01-28 09:00:00,111.53064326912863,112.4048724707982,105.7634733083394,110.30502709047882,913
2020-01-28 10:00:00,116.08201694385907,119.34215902183911,114.04550165838145,117.41488372127088,530
2020-01-28 11:00:00,126.44113059930976,128.8877037931083,125.94391061347196,127.79190260598062,979
2020-01-28 12:00:00,117.81271821706288,123.44610079087747,115.20768422130493,118.58095426130357,635
2020-01-28 13:00:00,113.942766095572,118.62235447454451,112.66303449063533,114.19399049902229,437
2020-01-28 14:00:00,108.81500436397538,110.51967473459656,108.42501527314435,108.66891302435995,693
2020-01-28 15:00:00,115.45456951941036,118.43710984946689,115.22917115061827,117.03466930272211,823
2020-01-28 16:00:00,117.44898435446011,121.72010612542589,116.52105555813051,116.70527484415703,732
2020-01-28 17:00:00,111.97091123764085,114.40962154749903,105.8587953933457,110.71469618332063,883
2020-01-28 18:00:00,119.47949548897232,119.96361236894475,112.93398339103857,116.86591257638307,587
2020-01-28 19:00:00,112.1529769072653,117.10423524529757,108.36867639323634,111.59609919483725,810
2020-01-28 20:00:00,117.54851530362566,118.33971570211023,115.98117013481124,118.32606492615692,974
2020-01-28 21:00:00,113.34474873154147,121.30353593925159,111.40988417889547,116.32817112069718,263
2020-01-28 22:00:00,114.85239756953465,118.82503656922913,113.48683844081972,116.28434566502726,305
2020-01-28 23:00:00,112.48765198378838,115.38579531697226,110.77902793993789,111.33394191465142,533
2020-01-29 00:00:00,127.14142527958944,130.65035043014583,123.80423423260704,124.64627069672977,246
2020-01-29 01:00:00,125.90176824935138,125.97715277958196,118.27359968608624,122.17808085952056,575
2020-01-29 02:00:00,116.04545212571786,116.28871703807974,112.1331418463431,114.30056507590844,763
2020-01-29 03:00:00,125.40038810720628,129.48982870685427,123.04697956405607,123.87817818063328,712
2020-01-29 04:00:00,125.11693780941867,129.94743775637778,124.57371302979573,125.28599469810571,812
2020-01-29 05:00:00,120.77492408306271,122.8383752869706,115.56544464593854,120.06512956112262,604
2020-01-29 06:00:00,118.77787959666458,118.89061348236301,118.16904961584203,118.61204836335104,649
2020-01-29 07:00:00,118.72609200786104,122.73871063103758,113.03444171887126,115.32531771466256,469
2020-01-29 08:00:00,111.00485930668931,116.50661037540638,109.8712251016056,114.22014374249717,847
2020-01-29 09:00:00,121.71780426512424,126.30522632378225,119.43620707512704,121.98141802183909,451
2020-01-29 10:00:00,114.97021550706087,120.37087767632657,110.09472287609383,116.91823100109175,173
2020-01-29 11:00:00,114.45083153080148,120.39389266253238,112.06408134307149,116.5085735247673,336
2020-01-29 12:00:00,116.5990318904629,122.24495104908539,115.61629731528052,118.42746422950208,862
2020-01-29 13:00:00,111.92554622764018,113.30307213588605,110.05671965212238,111.9203328234433,961
2020-01-29 14:00:00,123.89621638161468,127.4132265429494,118.95591243281808,120.80492540696459,349
2020-01-29 15:00:00,114.2788733661466,116.31122915155281,112.40517624613729,114.50629601508267,576
2020-01-29 16:00:00,126.49362746297413,129.42246753994243,121.0233450564326,125.43694501843855,810
2020-01-29 17:00:00,117.71558555865637,123.19972739403636,116.09098483133675,121.70367075681051,185
2020-01-29 18:00:00,114.82869725993449,121.64970282590312,114.60324416881096,117.76951483681813,587
2020-01-29 19:00:00,117.79177315017611,120.01350168542992,114.64991816450521,119.41118551452216,152
2020-01-29 20:00:00,119.85755198673229,122.03530219590677,117.72029922155109,121.20261633905774,701
2020-01-29 21:00:00,132.77097863320864,135.204144641117,128.74790120707337,133.73197086341477,936
2020-01-29 22:00:00,125.35927321461213,126.38265106915091,119.10194565223009,122.55671355209127,417
2020-01-29 23:00:00,123.47766145219646,127.12697065867384,118.0994030062858,120.52201399824216,303
2020-01-30 00:00:00,119.64358685546372,123.08077309188084,119.01936476209492,119.95964709210548,747
2020-01-30 01:00:00,122.20428022787327,126.71393033309486,120.38067015967907,122.00313973432817,371
2020-01-30 02:00:00,116.25458258390678,118.30071832839822,114.69302002288511,115.93134916682249,251
2020-01-30 03:00:00,112.68246394828849,113.17123373876663,108.56550817072666,112.5237625549757,781
2020-01-30 04:00:00,116.92485007618279,121.84905902394051,113.83838818391989,117.19536613443921,941
2020-01-30 05:00:00,117.02247726132846,120.38314138175035,115.14087097720946,118.67158850232826,341
2020-01-30 06:00:00,119.53646847211192,121.25148147354129,113.90044187134396,118.70547515198747,503
2020-01-30 07:00:00,125.04735959103559,127.03320585031473,121.00608184470842,125.35051427834397,162
2020-01-30 08:00:00,120.24075120800529,122.42539372882912,118.35010039327835,121.33413521697165,856
2020-01-30 09:00:00,118.1263762973511,123.92719387076917,113.17016024122248,119.77113943919842,822
2020-01-30 10:00:00,125.74106337765932,130.03268855284676,123.26973882399014,124.02692632606616,352
2020-01-30 11:00:00,118.89846110032933,121.1684974264617,117.4773798563815,120.98486988585776,614
2020-01-30 12:00:00,115.57866199917866,116.87676938086571,110.76944356325195,115.67026927675543,817
2020-01-30 13:00:00,117.31750190769577,124.75187952932338,116.6724739996226,120.99437418965508,489
2020-01-30 14:00:00,122.36350216256822,124.11852926123142,117.07757915398574,121.58820511964726,526
2020-01-30 15:00:00,121.91586084743531,126.42350350926166,119.27520295310798,121.56657733093803,108
2020-01-30 16:00:00,117.18216501889546,122.30985601197202,113.03502716203246,119.9250102232868,788
2020-01-30 17:00:00,120.17908216745471,122.53561397441882,116.31698630742899,118.014078450084,666
2020-01-30 18:00:00,117.28805094842988,121.52786746384542,114.63067288014837,117.01951467352393,788
2020-01-30 19:00:00,115.39807815581194,118.36127497536475,111.90158214125697,116.53718822367085,642
2020-01-30 20:00:00,125.26080363882897,130.11000059565762,125.03589100183916,128.8008457190094,926
2020-01-30 21:00:00,122.86741587539524,123.10701321519981,120.5191946700335,122.57279895284002,126
2020-01-30 22:00:00,129.36374621448056,133.6547204804623,124.28482586370646,128.39295764713535,762
2020-01-30 23:00:00,120.31579500345578,127.80933566868963,119.61193941707958,122.97516731524544,935
2020-01-31 00:00:00,132.3656487920236,137.14039520092302,124.84703490720607,129.39588910396057,663
2020-01-31 01:00:00,121.14201740436478,124.62152122512546,114.67645905666039,119.1131826732025,988
2020-01-31 02:00:00,132.5799087373144,138.0608014240002,130.9879630623356,133.6174023048788,473
2020-01-31 03:00:00,131.23521451005695,135.0997534539896,125.02068453511566,128.68608438999553,861
2020-01-31 04:00:00,122.23871802033575,125.32276249716907,121.40626316509372,123.05998663517238,299
2020-01-31 05:00:00,125.8494362041283,130.72886956697556,123.8163564595994,125.6210935061592,643
2020-01-31 06:00:00,124.70998408928513,124.78567213052739,121.39048197908134,123.91499605509686,778
2020-01-31 07:00:00,125.4095140351804,126.07471469992608,121.68986512075065,121.72015296598138,357
2020-01-31 08:00:00,124.85498860393763,127.44269950270441,121.44970704335314,126.22408868144247,420
2020-01-31 09:00:00,118.8633608391935,119.78055960773455,117.68211122410534,118.02810113437073,910
2020-01-31 10:00:00,119.38979918670638,124.88477522928515,115.07497422942174,121.53485317918938,233
2020-01-31 11:00:00,122.1094587572641,126.50265242468882,118.62276338052303,122.86475838847878,309
2020-01-31 12:00:00,124.62429863041571,125.90672024798964,120.02400428056343,124.33153623055598,879
2020-01-31 13:00:00,115.93309871377072,116.14522424626622,110.61767421898801,114.0077874382768,579
2020-01-31 14:00:00,122.68448388651383,122.97673238855599,115.93995272209096,119.80176716619216,958
2020-01-31 15:00:00,121.01986293852043,125.34473248189941,119.8640534586454,121.63395256674241,883
2020-01-31 16:00:00,122.50032572405532,127.37866677301079,119.5653489436705,119.72999374912064,411
2020-01-31 17:00:00,121.4421142985773,128.21897844303635,116.6936381971656,125.17331942162807,576
2020-01-31 18:00:00,119.26662861018801,124.10426678449032,118.65857460725196,120.86959673431348,541
2020-01-31 19:00:00,135.5916394203689,137.8806582575332,130.6634544524128,134.51618908880312,136
2020-01-31 20:00:00,121.27987538269976,121.89691260276648,116.4871468424389,120.09786999060042,357
2020-01-31 21:00:00,123.0912967524844,125.44910093514642,120.05206606003222,124.23301433807613,710
2020-01-31 22:00:00,129.6101668536315,131.54208900811904,126.35527608491412,128.93023559500756,713
2020-01-31 23:00:00,128.66857965769324,132.38024987635103,124.38692651962046,127.47899615160597,586
2020-02-01 00:00:00,112.56988546652566,114.39933102090231,109.75108323568001,110.80888869085355,322
2020-02-01 01:00:00,130.04412879501996,131.65375993238922,123.37334001954449,128.34984822295638,643
2020-02-01 02:00:00,125.57168063441473,126.29345490639088,118.04627654356767,122.04638567279493,805
2020-02-01 03:00:00,120.21172538439725,123.41001287257174,119.48580934845035,121.64632841765032,378
2020-02-01 04:00:00,130.98119871876915,135.7406502721747,127.67607539563099,130.8101037121809,932
2020-02-01 05:00:00,122.63321055181878,126.30938904608445,120.21005105087826,123.98960520771048,640
2020-02-01 06:00:00,127.18906124508494,128.0490728756322,124.79638481121088,126.46093132203754,289
2020-02-01 07:00:00,130.7754649434932,135.3861313438047,126.91329704251577,130.28442799539832,955
2020-02-01 08:00:00,125.60112607213,131.21251803837967,122.00888634793377,128.1777302036548,294
2020-02-01 09:00:00,128.8387791154482,134.59278302083172,124.20527459676612,131.4569613581451,644
2020-02-01 10:00:00,120.30215026725534,122.43676727448053,115.05203662567278,119.91646404246545,241
2020-02-01 11:00:00,125.43447966334,130.3245331342952,118.947166921335,121.3482562311969,718
2020-02-01 12:00:00,113.4811140163774,116.97729475344734,112.49610968685765,115.66501359730775,999
2020-02-01 13:00:00,122.81719253699828,126.71994223334927,118.2459415318859,122.66836505143705,714
2020-02-01 14:00:00,127.82506421502417,133.7120162771929,123.38850422127915,128.91569929235317,122
2020-02-01 15:00:00,127.24329477586299,129.00788795585714,126.60388103567402,126.86373515977729,703
2020-02-01 16:00:00,131.58426849862093,133.0636694945153,129.03164454308518,132.67896122920374,416
2020-02-01 17:00:00,122.86544967003387,125.97256943841924,117.3917222211038,122.27737133340932,433
2020-02-01 18:00:00,126.58706956053304,128.86219764720556,123.55994824201036,128.25918341735,776
2020-02-01 19:00:00,127.92856462091042,129.36326005053598,124.3462384435887,127.89217926874801,214
2020-02-01 20:00:00,135.42732760081958,140.41075622109412,132.67058594748815,137.70459425565707,271
2020-02-01 21:00:00,123.87884296047825,126.11503312098883,117.87205902893074,122.53144978665676,190
2020-02-01 22:00:00,117.83339437584357,121.22915776726643,116.18488206122693,118.4463824142092,574
2020-02-01 23:00:00,126.93447504544025,129.45441154968069,121.17094862845549,126.08992509359577,639
2020-02-02 00:00:00,134.8788878311178,137.16024696676823,132.50702535869758,134.02164177830852,356
2020-02-02 01:00:00,130.0092109453802,133.56377681942973,122.02510389190329,125.7157243425674,218
2020-02-02 02:00:00,125.13751800647722,131.09824460112924,121.17672845957149,126.26937947436956,278
2020-02-02 03:00:00,127.00938738664767,130.0439244479231,120.78568330761779,123.46460176555884,548
2020-02-02 04:00:00,125.77180374899238,129.0936558429328,121.18080965347531,125.08615190171294,153
2020-02-02 05:00:00,128.90146199763583,129.39686933237593,128.36781039368321,128.54922865611786,370
2020-02-02 06:00:00,125.48245154163796,131.27908177573443,123.5438681318302,127.43414054758377,140
2020-02-02 07:00:00,129.28841594370965,133.2113421603626,124.9098701538097,132.7988664643443,593
2020-02-02 08:00:00,131.40734453681753,132.75506622009266,126.27817288727334,126.64307110739344,187
2020-02-02 09:00:00,128.6906764760509,130.94366770841353,123.81018168254525,128.72178936181058,749
2020-02-02 10:00:00,129.35142502454832,135.842931099407,124.94194985759218,132.5748676172553,709
2020-02-02 11:00:00,133.40216774162448,139.5885748027168,130.08598184588217,135.05100064435538,969
2020-02-02 12:00:00,134.36650804884866,138.5275404569389,129.57154178222362,131.14715002872256,581
2020-02-02 13:00:00,133.5957616622148,137.58664922858452,128.56587497560176,132.72470689864207,161
2020-02-02 14:00:00,129.68549713678337,134.87566767554597,128.0808234248342,133.34104847720366,203
2020-02-02 15:00:00,123.34317921993649,124.74051252217313,120.10475036349118,121.12230292598223,531
2020-02-02 16:00:00,129.6357996507601,135.1116707898843,125.06068478309525,131.2360428196863,894
2020-02-02 17:00:00,115.88961910102229,119.27084083146416,113.77663995821666,117.25283095350179,544
2020-02-02 18:00:00,127.33123120744858,132.14621705965303,126.18524599285747,127.28800526455072,888
2020-02-02 19:00:00,127.6143477882797,133.00462877894788,126.41572308103906,129.82069901212438,529
2020-02-02 20:00:00,130.00946298190814,132.02305932249453,126.05940312016394,127.27844466979134,410
2020-02-02 21:00:00,121.9243767528633,127.21965762698385,117.44092553364024,122.22253201970447,683
2020-02-02 22:00:00,136.11623872018342,138.07933270787507,132.31603317670047,136.3486889889645,515
2020-02-02 23:00:00,135.796100569126,138.9236555065061,129.06713624335015,133.72304595503564,582
2020-02-03 00:00:00,130.44103994913897,131.6551978676133,125.28146466553994,126.92908659103333,873
2020-02-03 01:00:00,128.28299476313637,132.67102293821785,123.14905833313063,126.08669251420213,520
2020-02-03 02:00:00,132.05394208028451,134.43959785381767,130.23250077737518,133.38616584626664,914
2020-02-03 03:00:00,128.42846472583003,134.56510614734648,126.02722657476792,129.8772598744456,825
2020-02-03 04:00:00,123.69737787410511,129.99950446949833,122.60594114342592,126.3913114449267,441
2020-02-03 05:00:00,118.78726155610589,126.73923373945546,116.77212343755724,122.61126686211438,339
2020-02-03 06:00:00,139.92935296193636,143.25296429550784,131.87717461907746,136.4190712971626,751
2020-02-03 07:00:00,134.0491465935199,138.3986130565609,132.77760373102416,135.85967974496427,992
2020-02-03 08:00:00,128.06913231585767,130.7818945146734,124.2015971043037,126.11689758315671,932
2020-02-03 09:00:00,134.35197058444697,137.3901362514596,125.81970841032363,130.67598904809503,276
2020-02-03 10:00:00,137.71917434488986,139.6339399100687,134.04054334563673,136.90929316997455,247
2020-02-03 11:00:00,123.61930227381094,127.73775342853848,123.40607239923317,125.65071982896988,797
2020-02-03 12:00:00,130.32760357925736,135.09352921602635,129.23480815098915,132.92659617832487,325
2020-02-03 13:00:00,133.28393878054646,135.6620730005023,128.08541052070007,129.37660749548468,372
2020-02-03 14:00:00,131.355519600468,131.8351639736539,128.0081285299225,130.12195190453232,582
2020-02-03 15:00:00,130.48027999806988,131.06670320759596,125.11483795898918,129.17768256137435,616
2020-02-03 16:00:00,124.41496394197176,127.30159230690663,119.59942531711933,125.16931510679251,264
2020-02-03 17:00:00,116.59032332673077,121.35421925904237,112.69769791998789,118.7419884940564,724
2020-02-03 18:00:00,133.2426504636894,133.75308686142557,131.8538534070211,132.21533674851167,353
2020-02-03 19:00:00,137.29929038246198,140.44302910343723,136.72463240044078,139.68352004094442,389
2020-02-03 20:00:00,140.27647055828092,146.8112872015444,139.54814071818984,142.15126465997128,570
2020-02-03 21:00:00,135.82174124540472,138.23437045770137,132.41504614816924,133.16641128775672,991
2020-02-03 22:00:00,138.59125855051374,144.3713401345227,137.2367247642629,140.21724812277301,639
2020-02-03 23:00:00,128.9656158290958,130.8589046535702,124.09793312810531,129.93462027518777,289
2020-02-04 00:00:00,128.5140829548129,133.50519637894348,128.12474228062885,130.5944752900108,201
2020-02-04 01:00:00,129.28000115000114,130.96435218325306,127.97418317645702,129.61189519917428,224
2020-02-04 02:00:00,134.53678672343443,137.01314614747028,129.9179196126314,133.16988654675606,433
2020-02-04 03:00:00,125.43827401341329,130.43728412152075,122.31074822442687,124.29068317320473,362
2020-02-04 04:00:00,138.15158585951772,141.95723484536018,131.5064332565128,135.44564972814754,661
2020-02-04 05:00:00,129.95944812729203,138.37123704444699,129.18482331318586,136.44607782066976,391
2020-02-04 06:00:00,133.2224488119555,138.12216510016836,129.5570707500059,132.67500223090875,182
2020-02-04 07:00:00,126.29238074806017,130.78296953070623,125.95684592195586,127.60236990087886,694
2020-02-04 08:00:00,134.09961897674643,137.51072309363403,129.8124887513218,135.9818498156566,577
2020-02-04 09:00:00,125.5442653915425,130.26142306029772,119.08876332443458,123.77864540767217,288
2020-02-04 10:00:00,142.00281622577302,143.42358548347656,140.14433664495309,143.13814302450245,130
2020-02-04 11:00:00,139.40413533821774,142.88923700396836,138.62620795423763,140.17203482823203,424
2020-02-04 12:00:00,131.63918412372962,134.5180669844287,126.87225062575577,128.55232578743536,849
2020-02-04 13:00:00,137.82209087947015,141.30319680590884,135.09809640900093,137.6112764734499,598
2020-02-04 14:00:00,131.57086474501523,133.50912558883672,127.88010456262944,132.44006016554619,501
2020-02-04 15:00:00,140.2907147629064,141.50356544318257,133.77281875013628,138.0121425839566,217
2020-02-04 16:00:00,128.2447864186711,132.94331555381677,124.35375508088728,127.89165390192976,664
2020-02-04 17:00:00,123.81267513157383,128.60283138987688,122.16300162257379,125.86856055407598,656
2020-02-04 18:00:00,146.5732241153731,150.40003844570603,140.66101635505836,143.6883103943389,163
2020-02-04 19:00:00,135.66743902373253,136.1303883428466,129.5958779016024,131.6392154307372,926
2020-02-04 20:00:00,140.0753170859918,143.31007650960228,137.01313680556612,137.03413928862508,807
2020-02-04 21:00:00,132.81541652043975,137.78072475340252,130.50388840536422,134.5751638360897,597
2020-02-04 22:00:00,133.48548561384817,135.06516708657878,130.6806890663162,133.80451713151407,216
2020-02-04 23:00:00,126.64466640926655,133.57813427493613,124.66409423363213,129.95374887497283,898
2020-02-05 00:00:00,132.87102434487056,138.4555619060503,130.8032577880148,135.0047084058361,136
2020-02-05 01:00:00,131.75762863757674,136.76777984686584,127.42716742404924,135.13012184264076,219
2020-02-05 02:00:00,131.46841768591543,134.34501762204562,128.68991744874984,134.28905574043682,179
2020-02-05 03:00:00,140.09589106573654,144.21412050596697,133.6876390941608,135.4752677568154,670
2020-02-05 04:00:00,136.20343068079853,137.99784264255388,130.15690097576478,135.09958789526422,337
2020-02-05 05:00:00,139.28210114970952,139.7607167617518,134.56925553060339,137.82214466142406,463
2020-02-05 06:00:00,129.45044246723816,132.1209766890577,128.5181697499859,129.25155567569143,356
2020-02-05 07:00:00,132.34971435853015,134.13923478749874,127.22501300417566,129.28212119602247,835
2020-02-05 08:00:00,124.25098329359011,128.5706657649001,121.22843934787328,125.09612924408637,439
2020-02-05 09:00:00,127.99059431112062,130.06842096619522,123.21821048879193,129.8010179681498,702
2020-02-05 10:00:00,142.7692240919561,144.62727181219466,138.82181596424044,142.25230492905655,617
2020-02-05 11:00:00,131.45605481328252,138.30293176510406,127.3384866234047,134.8562352114634,595
2020-02-05 12:00:00,138.66277172385318,143.03824821987078,134.34076046976818,137.93289489064395,170
2020-02-05 13:00:00,147.78487934140566,150.9529291668322,145.5181587926328,147.2546088682078,243
2020-02-05 14:00:00,146.11557591591466,149.84318262475043,140.69280903220448,145.46380234550742,953
2020-02-05 15:00:00,133.62908237041364,136.36186815965502,128.80936864505844,134.61499797429738,462
2020-02-05 16:00:00,136.46182765221604,140.94690361503854,131.5154227439356,135.47921952303275,520
2020-02-05 17:00:00,136.09590287011483,139.6826552511162,132.65990378310676,134.48936371077687,306
2020-02-05 18:00:00,125.7953329296516,131.80174814145863,123.22242104961396,127.62892678217173,455
2020-02-05 19:00:00,135.23432922363784,138.38240904756145,132.70025454779508,135.60246924429885,210
2020-02-05 20:00:00,132.04611580921812,138.37162103774304,128.07112264531892,135.48271203957873,298
2020-02-05 21:00:00,135.1044480427985,138.49230197395048,131.71453941470224,136.0596406396733,552
2020-02-05 22:00:00,136.13912099986652,138.44004341412887,135.50437693227983,137.43377077451606,194
2020-02-05 23:00:00,140.45644939314792,143.99588756794608,139.7210973152537,140.06001615572038,905
2020-02-06 00:00:00,129.8042729360057,134.44345944744308,127.82965867834511,129.06970183647218,643
2020-02-06 01:00:00,138.01102734039446,138.40886898986162,133.30076549766233,137.9780193490943,792
2020-02-06 02:00:00,143.96596481229568,144.01908321807733,135.79519467625454,139.4680385356463,508
2020-02-06 03:00:00,140.59962765631622,140.9249892713603,135.6259005074662,137.41982210056523,782
2020-02-06 04:00:00,141.29988311205378,142.93141138928308,138.17258514804223,141.19824783133137,226
2020-02-06 05:00:00,143.75680008184702,144.13659402026553,139.0889635915115,139.11965526490653,541
2020-02-06 06:00:00,144.09388338680986,145.55639531090313,137.51154997058703,142.22517036371025,468
2020-02-06 07:00:00,142.46594409251006,145.47859102283203,139.97665458409637,140.65501542108507,660
2020-02-06 08:00:00,138.40746763764375,145.53134756551717,138.22921171194795,141.74843098030385,480
2020-02-06 09:00:00,135.7873993018048,140.22085370537138,135.62660249899642,137.35509347070342,641
2020-02-06 10:00:00,136.94767121025006,141.52783207925353,132.15127232293418,137.32404853505966,600
2020-02-06 11:00:00,141.4760997796838,143.21539087829728,141.01820133710112,142.96756366295546,949
2020-02-06 12:00:00,142.51669159661054,147.30811363471605,138.24483499244985,143.00981243353846,958
2020-02-06 13:00:00,132.78819853000684,138.38920691316994,129.2262535990557,133.67320853093509,732
2020-02-06 14:00:00,138.5402811009847,141.44634430092358,132.87281367940642,135.18795509611,846
2020-02-06 15:00:00,135.7698435128566,140.88724569963918,131.84989652298668,136.14047635782478,646
2020-02-06 16:00:00,129.027919015266,133.35178348375183,126.26127643671497,127.82457364352378,487
2020-02-06 17:00:00,134.75695741600316,136.13494059151714,133.35069108540432,135.59371688045357,510
2020-02-06 18:00:00,134.26583869566494,144.03380424271197,130.91785365281197,139.80061774376708,773
2020-02-06 19:00:00,140.6389248999891,145.03573617390308,134.42093281056233,138.21892285396572,971
2020-02-06 20:00:00,140.7226346891396,146.0901479165447,140.1606048699553,143.7856415384282,187
2020-02-06 21:00:00,145.7841132556087,147.93617029879553,143.0422033683176,143.0975330086491,745
2020-02-06 22:00:00,135.0369760452966,145.28706624539532,132.86311750958006,141.31217038567735,884
2020-02-06 23:00:00,147.33461892936575,147.58407004481697,141.57419356542655,144.18339480634359,125
2020-02-07 00:00:00,138.37581737309543,138.79237377945972,132.98822689911069,135.27582290964907,738
2020-02-07 01:00:00,139.25407237984183,143.08888418227076,132.47985788633963,133.59442440530307,924
2020-02-07 02:00:00,132.49999853235198,134.5026935514635,130.73056714026063,134.31502948740632,796
2020-02-07 03:00:00,138.1093326681553,138.37392971402502,132.99244687176096,136.60784493095056,494
2020-02-07 04:00:00,136.46832442569615,142.12291777392343,134.06593977840632,137.81516643955538,667
2020-02-07 05:00:00,138.53751982572226,142.45037259706118,136.87798519182695,140.12471061544414,438
2020-02-07 06:00:00,132.9791004706891,134.21463009138554,125.89044155706304,129.49630391641432,252
2020-02-07 07:00:00,136.59948525083837,139.68264578023562,130.59075307243995,134.57570847048012,152
2020-02-07 08:00:00,141.8713073260354,145.34075790854405,137.48657291269876,141.9821516866448,658
2020-02-07 09:00:00,126.72830290236966,130.3026120690713,124.9615318020525,128.19867741583565,893
2020-02-07 10:00:00,136.31962984658776,140.90465364005325,133.18923979474494,135.34704997913704,520
2020-02-07 11:00:00,140.36309321053244,142.4071594683336,138.81973673024592,140.59497900721885,614
2020-02-07 12:00:00,139.71916821474494,144.58674822907108,135.83332023902582,139.5243639842499,332
2020-02-07 13:00:00,134.50400566618814,142.04977560477462,130.2087671089914,137.75875931152592,204
2020-02-07 14:00:00,146.99087652356076,150.95332861924325,144.5190101157192,146.51582836420562,883
2020-02-07 15:00:00,143.01250884252744,149.8527842127229,138.15117838228764,146.12930177930258,866
2020-02-07 16:00:00,129.75355676736987,130.55526803470718,126.1203456378133,130.09850138509213,446
2020-02-07 17:00:00,148.73477063978552,151.87685037298235,143.04128578992976,147.40186527875863,381
2020-02-07 18:00:00,141.37051446260702,146.25967724508584,137.19604451076387,142.27618504068792,144
2020-02-07 19:00:00,138.88800728216663,141.39678102078946,136.57500715489175,141.25758027736046,579
2020-02-07 20:00:00,133.47394981187415,135.8992798743883,129.64359032924364,134.71722402384137,318
2020-02-07 21:00:00,147.12961969023794,150.65551821429094,140.06371054482787,144.4094303695664,213
2020-02-07 22:00:00,133.2688613704679,133.60914179958365,129.89722706424016,133.00832651975932,968
2020-02-07 23:00:00,141.9368695697436,142.63621081870738,135.83333879127747,139.22420884017933,197
2020-02-08 00:00:00,144.3177725629919,146.94104535460735,142.15106286450197,144.85060468964258,838
2020-02-08 01:00:00,145.95590602740089,151.96429046593315,143.22277482884323,148.49852436249552,149
2020-02-08 02:00:00,140.67623883334105,145.25422029766293,136.6884037774273,137.5883412401968,144
2020-02-08 03:00:00,135.25842046838662,139.58944801945523,134.08531212719606,138.06863523333283,113
2020-02-08 04:00:00,146.72216222144868,150.37603645593518,146.21126664894643,147.86240302429522,169
2020-02-08 05:00:00,151.03928008731074,151.20984756324117,147.56061587369848,149.46862109425066,987
2020-02-08 06:00:00,143.3471376384404,146.3425676786207,139.87384857439727,144.9303968076468,243
2020-02-08 07:00:00,150.27770276851044,152.96624121604174,141.28417451546235,145.66873788531728,654
2020-02-08 08:00:00,145.14808160195793,147.86442190925877,139.466134498211,141.31732609778143,133
2020-02-08 09:00:00,134.89462531863998,137.23233776499228,132.52654622363656,136.91156880725472,134
2020-02-08 10:00:00,145.74250561238355,148.7034012867379,139.9729478700838,143.46747216068138,106
2020-02-08 11:00:00,138.18256548192147,142.55968833508118,134.07461486491218,140.5244796996677,729
2020-02-08 12:00:00,145.672804333303,149.53380349847208,145.02733828368304,146.23131666909237,136
2020-02-08 13:00:00,149.1699877617948,151.37983637241643,144.30951341866887,147.43131616906297,120
2020-02-08 14:00:00,146.19302393920964,149.1446227143258,142.00662339563394,147.40959951199721,535
2020-02-08 15:00:00,145.06769782923996,145.99952585066538,140.99632414520943,143.08470796662894,771
2020-02-08 16:00:00,144.8228680755167,146.753674651501,140.125410520176,143.29866731781243,851
2020-02-08 17:00:00,132.92051238071764,136.46318880951532,128.60984198013816,133.12956859102087,253
2020-02-08 18:00:00,142.02439138674472,144.9537415992395,138.67645933338468,142.43918379428476,246
2020-02-08 19:00:00,139.3728682585093,140.7943819195082,136.32622844841356,138.3146243058856,497
2020-02-08 20:00:00,137.18412162360943,141.29091326430765,133.2585810195259,135.95661686253263,526
2020-02-08 21:00:00,146.19865299870247,148.89601986528268,142.72066960189235,147.7996805701787,991
2020-02-08 22:00:00,140.73845638231566,146.15512254744016,136.83023746574995,141.7162822414536,723
2020-02-08 23:00:00,150.19410799370647,153.6619719787242,149.6892672641162,152.0572804846898,195
2020-02-09 00:00:00,147.02869768211707,149.07465070249458,142.35121967383773,147.45834280210906,849
2020-02-09 01:00:00,146.25698643557524,151.17430213867664,139.47674666100284,141.81514882285882,326
2020-02-09 02:00:00,148.85471052750196,150.81052003005115,144.82720232721647,145.38006677863743,831
2020-02-09 03:00:00,146.8830663831743,151.29751173861425,141.1190871538242,146.0736809589901,458
2020-02-09 04:00:00,142.09283835744176,146.6919348591882,138.54226148061738,140.65333327964342,148
2020-02-09 05:00:00,149.35005502997956,154.24032412882408,148.27121797802502,148.76537812549367,949
2020-02-09 06:00:00,150.31842125119041,154.689219358984,145.84285149484455,149.46064768125458,941
2020-02-09 07:00:00,138.9395660114817,143.55338076130386,136.29872835571433,141.3994878402019,724
2020-02-09 08:00:00,138.03794095246593,139.10868533612128,135.4672243444482,136.5953237086795,364
2020-02-09 09:00:00,146.72078534927616,151.13222246962678,143.0249171112676,147.82486247540646,700
2020-02-09 10:00:00,143.32592845026613,147.49076570908235,137.3544120532532,141.24507737233733,876
2020-02-09 11:00:00,140.89805359100478,143.64492446924655,137.46944290293982,142.7281934897244,485
2020-02-09 12:00:00,151.03858582208613,155.76156069467163,148.96051103465433,149.50215060002307,414
2020-02-09 13:00:00,152.89038530464853,158.58155939943222,152.37579391860004,154.83128822130053,345
2020-02-09 14:00:00,147.00371842328028,149.57738760698993,141.56285474644207,146.3115960552168,966
2020-02-09 15:00:00,158.07312061434942,162.21630230803913,153.9928504252976,157.34629336747037,539
2020-02-09 16:00:00,145.6770930180647,148.77508746690006,143.34177799205438,146.6093056652684,472
2020-02-09 17:00:00,143.84313179469098,148.0064262182507,139.92164303959458,141.93973210241685,465
2020-02-09 18:00:00,151.31508897067917,154.25393349436212,145.7521241454999,150.68908066879294,277
2020-02-09 19:00:00,137.3247575395775,140.9472550600432,136.23497231386534,139.33732122799128,765
2020-02-09 20:00:00,147.28208353136142,151.28280239743944,142.74458736203735,148.4972985428298,674
2020-02-09 21:00:00,154.57932388893204,157.5795322999962,147.4455786255733,152.34271619026586,661
2020-02-09 22:00:00,146.31411883465148,148.84420138796798,144.04309527241395,144.41902042645918,229
2020-02-09 23:00:00,147.0088347604547,149.27695685625645,145.51759111472595,145.65521206013625,770
2020-02-10 00:00:00,146.79880927506724,146.97090484407695,144.29848869898183,146.95285941578857,779
2020-02-10 01:00:00,147.59305598205734,150.5172244546225,145.1071429250088,147.34867618128877,115
2020-02-10 02:00:00,145.5015132213561,148.38042565015692,136.6555205114347,140.79201695472167,917
2020-02-10 03:00:00,141.47482503302737,145.29687136873522,140.16050045815157,140.8902331766338,812
2020-02-10 04:00:00,144.52986815338892,145.03390628858185,140.92672664482427,144.17345916392756,125
2020-02-10 05:00:00,146.34102616716106,149.02482696306564,144.58254078438145,145.13069730916982,475
2020-02-10 06:00:00,145.58669734866706,151.24606555816845,142.50596423174088,146.31144300338497,606
2020-02-10 07:00:00,145.04541896680732,147.5202643346774,140.80977674144435,142.6680194146122,346
2020-02-10 08:00:00,147.15857945013698,150.87948588303314,139.81458886301897,143.06419910866117,727
2020-02-10 09:00:00,144.1307753517607,144.65658012572806,142.7643913477143,143.37930242286444,783
2020-02-10 10:00:00,143.9853888785249,147.52952965893806,143.34135171136012,147.0246758163037,720
2020-02-10 11:00:00,146.99647776785187,150.77763481694555,144.2122901886848,146.5726337201347,433
2020-02-10 12:00:00,143.0837808372831,144.6859023913481,137.37405230438645,141.86142217314367,869
2020-02-10 13:00:00,142.04427771692733,144.11539216512526,139.7353051766191,140.4820169657743,179
2020-02-10 14:00:00,143.39130097343983,146.94906769769307,142.69653424162053,144.2667727127788,375
2020-02-10 15:00:00,148.3202802025899,151.88279712775153,144.5877629774871,147.38547467114418,343
2020-02-10 16:00:00,156.41686854625357,159.38659867202418,152.9219257362386,154.30565561490718,269
2020-02-10 17:00:00,143.7339790305573,148.30359361629877,140.30106345368245,146.3154562789262,818
2020-02-10 18:00:00,143.71304144487036,145.0120648223447,137.32425053201064,140.02556431597208,628
2020-02-10 19:00:00,142.86070169041838,148.2015696683401,139.29363314568232,146.68560183438512,790
2020-02-10 20:00:00,143.94316785576368,146.57197115824937,141.42004118115614,142.43367194079772,943
2020-02-10 21:00:00,146.71442438423807,147.8467069573858,142.68306227189532,145.38571564483416,228
2020-02-10 22:00:00,147.2070236587598,150.48131718363118,144.5829930425994,144.58585437782855,349
2020-02-10 23:00:00,156.53125314149685,160.11404806444693,155.6515653436751,156.8654015323141,475
2020-02-11 00:00:00,147.30710138386783,152.0604602308043,142.91167014416143,149.47348239498157,292
2020-02-11 01:00:00,155.06015984807922,157.80522327983698,154.21586418128766,155.90093845578048,974
2020-02-11 02:00:00,145.56431232206864,150.69816195751102,141.9272335712545,146.67794196722105,630
2020-02-11 03:00:00,151.5018644528518,158.1330843149081,150.9852727747667,153.86038106887642,725
2020-02-11 04:00:00,139.72714022741704,144.9476908015004,139.11724659531967,140.89257271175936,834
2020-02-11 05:00:00,151.3902043186393,155.55279463927099,148.2325226771195,150.29744775953992,558
2020-02-11 06:00:00,143.50419585499282,146.4820557389192,141.49705960709483,144.87918369428397,962
2020-02-11 07:00:00,145.6908050712076,146.74431150264775,143.51359852938913,143.8573241475467,268
2020-02-11 08:00:00,144.0337691220804,144.80535908241293,139.85410064272943,143.06142550990862,713
2020-02-11 09:00:00,143.91451784579826,148.276103956337,138.95792100904583,141.8226652352088,399
2020-02-11 10:00:00,150.87718425220217,153.47303704899986,149.51046613834887,150.1742749845643,540
2020-02-11 11:00:00,151.6878173718845,154.3057013149988,150.20775817961635,152.81845421948398,259
2020-02-11 12:00:00,144.85665501525267,145.0142933541792,141.4097845151249,141.9583317451602,586
2020-02-11 13:00:00,146.01933093301722,151.1201980335888,144.70331327070994,146.36520146564453,500
2020-02-11 14:00:00,143.95304201101632,150.76273719948318,141.71243562548813,146.86363918375068,595
2020-02-11 15:00:00,153.1752922503382,155.97600486179292,151.42149596478632,153.47297697309244,789
